"symbol","date_obs","open_pr","high_pr","low_pr","close_pr","close_adj","volume","split_coeff"
"MSFT","2016-11-16","58.94","59.66","58.81","59.65","58.3529","27332475","1"
"MSFT","2016-11-17","60.41","60.95","59.965","60.64","59.3213","32132728","1"
"MSFT","2016-11-18","60.78","61.14","60.3","60.35","59.0376","27686311","1"
"MSFT","2016-11-21","60.5","60.97","60.42","60.86","59.5365","19652595","1"
"MSFT","2016-11-22","60.98","61.26","60.805","61.12","59.7909","23206700","1"
"MSFT","2016-11-23","61.01","61.1","60.25","60.4","59.0865","21848913","1"
"MSFT","2016-11-25","60.3","60.53","60.13","60.53","59.2137","8409616","1"
"MSFT","2016-11-28","60.34","61.02","60.21","60.61","59.292","20732619","1"
"MSFT","2016-11-29","60.65","61.41","60.52","61.09","59.7615","22366721","1"
"MSFT","2016-11-30","60.86","61.18","60.215","60.26","58.9496","34655435","1"
"MSFT","2016-12-01","60.11","60.15","58.935","59.2","57.9126","34542121","1"
"MSFT","2016-12-02","59.08","59.47","58.8","59.25","57.9616","25515665","1"
"MSFT","2016-12-05","59.7","60.585","59.56","60.22","58.9105","23552658","1"
"MSFT","2016-12-06","60.43","60.46","59.8","59.95","58.6463","19907035","1"
"MSFT","2016-12-07","60.01","61.38","59.8","61.37","60.0355","30808969","1"
"MSFT","2016-12-08","61.3","61.58","60.84","61.01","59.6833","21220753","1"
"MSFT","2016-12-09","61.18","61.99","61.125","61.97","60.6224","27349356","1"
"MSFT","2016-12-12","61.82","62.3","61.72","62.17","60.8181","20198081","1"
"MSFT","2016-12-13","62.5","63.42","62.24","62.98","61.6104","35718868","1"
"MSFT","2016-12-14","63","63.45","62.53","62.68","61.317","30352654","1"
"MSFT","2016-12-15","62.7","63.1535","62.3","62.58","61.2191","27669868","1"
"MSFT","2016-12-16","62.95","62.95","62.115","62.3","60.9452","42453083","1"
"MSFT","2016-12-19","62.56","63.77","62.42","63.62","62.2365","34338219","1"
"MSFT","2016-12-20","63.69","63.8","63.025","63.54","62.1583","26028379","1"
"MSFT","2016-12-21","63.43","63.7","63.12","63.54","62.1583","17096304","1"
"MSFT","2016-12-22","63.84","64.1","63.405","63.55","62.168","22176585","1"
"MSFT","2016-12-23","63.45","63.54","62.8","63.24","61.8648","12403819","1"
"MSFT","2016-12-27","63.21","64.07","63.21","63.28","61.9039","11763173","1"
"MSFT","2016-12-28","63.4","63.4","62.83","62.99","61.6202","14653348","1"
"MSFT","2016-12-29","62.86","63.2","62.73","62.9","61.5322","10250582","1"
"MSFT","2016-12-30","62.96","62.99","62.03","62.14","60.7887","25579908","1"
"MSFT","2017-01-03","62.79","62.84","62.125","62.58","61.2191","20694101","1"
"MSFT","2017-01-04","62.48","62.75","62.12","62.3","60.9452","21339969","1"
"MSFT","2017-01-05","62.19","62.66","62.03","62.3","60.9452","24875968","1"
"MSFT","2017-01-06","62.3","63.15","62.04","62.84","61.4735","19922919","1"
"MSFT","2017-01-09","62.76","63.08","62.54","62.64","61.2778","20382730","1"
"MSFT","2017-01-10","62.73","63.07","62.28","62.62","61.2583","18593004","1"
"MSFT","2017-01-11","62.61","63.23","62.43","63.19","61.8159","21517335","1"
"MSFT","2017-01-12","63.06","63.4","61.95","62.61","61.2485","20968223","1"
"MSFT","2017-01-13","62.62","62.865","62.35","62.7","61.3365","19422310","1"
"MSFT","2017-01-17","62.68","62.7","62.03","62.53","61.1702","20663983","1"
"MSFT","2017-01-18","62.67","62.7","62.12","62.5","61.1409","19670102","1"
"MSFT","2017-01-19","62.24","62.98","62.195","62.3","60.9452","18451655","1"
"MSFT","2017-01-20","62.67","62.82","62.37","62.74","61.3757","30213462","1"
"MSFT","2017-01-23","62.7","63.1159","62.57","62.96","61.5909","23097581","1"
"MSFT","2017-01-24","63.2","63.735","62.94","63.52","62.1387","24672940","1"
"MSFT","2017-01-25","63.95","64.1","63.45","63.68","62.2952","24654933","1"
"MSFT","2017-01-26","64.12","64.535","63.55","64.27","62.8724","43554645","1"
"MSFT","2017-01-27","65.39","65.91","64.89","65.78","64.3496","44817972","1"
"MSFT","2017-01-30","65.69","65.79","64.8","65.13","63.7137","31651445","1"
"MSFT","2017-01-31","64.86","65.15","64.26","64.65","63.2441","25270549","1"
"MSFT","2017-02-01","64.36","64.62","63.47","63.58","62.1974","39671528","1"
"MSFT","2017-02-02","63.25","63.41","62.75","63.17","61.7963","45827013","1"
"MSFT","2017-02-03","63.5","63.7","63.07","63.68","62.2952","30301759","1"
"MSFT","2017-02-06","63.5","63.65","63.14","63.64","62.2561","19796360","1"
"MSFT","2017-02-07","63.74","63.78","63.23","63.43","62.0507","20277226","1"
"MSFT","2017-02-08","63.57","63.81","63.22","63.34","61.9626","18096358","1"
"MSFT","2017-02-09","63.52","64.44","63.32","64.06","62.667","22644443","1"
"MSFT","2017-02-10","64.25","64.3","63.98","64","62.6083","18170729","1"
"MSFT","2017-02-13","64.24","64.86","64.13","64.72","63.3126","22920101","1"
"MSFT","2017-02-14","64.41","64.72","64.02","64.57","63.5474","23108426","1"
"MSFT","2017-02-15","64.5","64.57","64.16","64.53","63.508","17005157","1"
"MSFT","2017-02-16","64.74","65.24","64.44","64.52","63.4982","20546345","1"
"MSFT","2017-02-17","64.47","64.69","64.3","64.62","63.5966","21248818","1"
"MSFT","2017-02-21","64.61","64.95","64.45","64.49","63.4687","20655869","1"
"MSFT","2017-02-22","64.33","64.39","64.05","64.36","63.3407","19292651","1"
"MSFT","2017-02-23","64.42","64.73","64.19","64.62","63.5966","20273128","1"
"MSFT","2017-02-24","64.53","64.8","64.14","64.62","63.5966","21796800","1"
"MSFT","2017-02-27","64.54","64.54","64.05","64.23","63.2128","15871507","1"
"MSFT","2017-02-28","64.08","64.2","63.76","63.98","62.9667","23239825","1"
"MSFT","2017-03-01","64.13","64.99","64.02","64.94","63.9115","26937459","1"
"MSFT","2017-03-02","64.69","64.75","63.88","64.01","62.9963","24539597","1"
"MSFT","2017-03-03","63.99","64.28","63.62","64.25","63.2325","18139405","1"
"MSFT","2017-03-06","63.97","64.56","63.81","64.27","63.2521","18750255","1"
"MSFT","2017-03-07","64.19","64.78","64.19","64.4","63.3801","18520987","1"
"MSFT","2017-03-08","64.26","65.08","64.25","64.99","63.9607","21510907","1"
"MSFT","2017-03-09","65.19","65.2","64.48","64.73","63.7049","19846832","1"
"MSFT","2017-03-10","65.11","65.26","64.75","64.93","63.9017","19538245","1"
"MSFT","2017-03-13","65.01","65.19","64.57","64.71","63.6852","20100035","1"
"MSFT","2017-03-14","64.53","64.55","64.15","64.41","63.3899","14280202","1"
"MSFT","2017-03-15","64.55","64.92","64.25","64.75","63.7245","24833810","1"
"MSFT","2017-03-16","64.75","64.76","64.3","64.64","63.6163","20674296","1"
"MSFT","2017-03-17","64.91","65.24","64.68","64.87","63.8426","49219686","1"
"MSFT","2017-03-20","64.91","65.18","64.72","64.93","63.9017","14598083","1"
"MSFT","2017-03-21","65.19","65.5","64.13","64.21","63.1931","26640480","1"
"MSFT","2017-03-22","64.12","65.14","64.12","65.03","64.0001","20680015","1"
"MSFT","2017-03-23","64.94","65.24","64.77","64.87","63.8426","19269203","1"
"MSFT","2017-03-24","65.36","65.45","64.76","64.98","63.9509","22617105","1"
"MSFT","2017-03-27","64.63","65.22","64.35","65.1","64.069","18614662","1"
"MSFT","2017-03-28","64.96","65.47","64.65","65.29","64.256","20080358","1"
"MSFT","2017-03-29","65.12","65.5","64.95","65.47","64.4331","13618424","1"
"MSFT","2017-03-30","65.42","65.98","65.36","65.71","64.6693","15122823","1"
"MSFT","2017-03-31","65.65","66.19","65.45","65.86","64.817","21040331","1"
"MSFT","2017-04-03","65.81","65.94","65.19","65.55","64.5119","20400871","1"
"MSFT","2017-04-04","65.39","65.81","65.28","65.73","64.689","12997449","1"
"MSFT","2017-04-05","66.3","66.35","65.44","65.56","64.5217","21448594","1"
"MSFT","2017-04-06","65.6","66.06","65.48","65.73","64.689","18103453","1"
"MSFT","2017-04-07","65.85","65.96","65.44","65.68","64.6398","14089274","1"
"MSFT","2017-04-10","65.61","65.82","65.36","65.53","64.4922","17952742","1"
"MSFT","2017-04-11","65.6","65.61","64.85","65.48","64.443","18791533","1"
"MSFT","2017-04-12","65.42","65.51","65.11","65.23","64.1969","17108513","1"
"MSFT","2017-04-13","65.29","65.86","64.95","64.95","63.9214","17896483","1"
"MSFT","2017-04-17","65.04","65.49","65.01","65.48","64.443","16689265","1"
"MSFT","2017-04-18","65.33","65.71","65.16","65.39","64.3544","15155611","1"
"MSFT","2017-04-19","65.65","65.75","64.89","65.04","64.0099","26992771","1"
"MSFT","2017-04-20","65.46","65.75","65.14","65.5","64.4627","22299477","1"
"MSFT","2017-04-21","65.67","66.7","65.45","66.4","65.3484","32522645","1"
"MSFT","2017-04-24","67.48","67.66","67.1","67.53","66.4605","29721254","1"
"MSFT","2017-04-25","67.9","68.04","67.6","67.92","66.8443","29983174","1"
"MSFT","2017-04-26","68.08","68.31","67.62","67.83","66.7558","25544417","1"
"MSFT","2017-04-27","68.15","68.38","67.58","68.27","67.1888","32219234","1"
"MSFT","2017-04-28","68.91","69.14","67.69","68.46","67.3758","38940853","1"
"MSFT","2017-05-01","68.68","69.55","68.5","69.41","68.3107","31304672","1"
"MSFT","2017-05-02","69.71","69.71","69.13","69.3","68.2025","23000828","1"
"MSFT","2017-05-03","69.38","69.38","68.71","69.08","67.986","28725646","1"
"MSFT","2017-05-04","69.03","69.08","68.64","68.81","67.7202","21421413","1"
"MSFT","2017-05-05","68.9","69.03","68.49","69","67.9072","18882845","1"
"MSFT","2017-05-08","68.97","69.05","68.42","68.94","67.8482","18446053","1"
"MSFT","2017-05-09","68.86","69.28","68.68","69.04","67.9466","22318181","1"
"MSFT","2017-05-10","68.99","69.56","68.92","69.31","68.2123","17842038","1"
"MSFT","2017-05-11","68.36","68.73","68.12","68.46","67.3758","27985424","1"
"MSFT","2017-05-12","68.61","68.61","68.04","68.38","67.297","17073013","1"
"MSFT","2017-05-15","68.14","68.48","67.57","68.43","67.3463","30705323","1"
"MSFT","2017-05-16","68.23","69.44","68.16","69.41","68.6946","33250702","1"
"MSFT","2017-05-17","68.89","69.1","67.43","67.48","66.7845","29964198","1"
"MSFT","2017-05-18","67.4","68.13","67.14","67.71","67.0121","24789790","1"
"MSFT","2017-05-19","67.5","68.1","67.43","67.69","66.9923","26496478","1"
"MSFT","2017-05-22","67.89","68.5","67.5","68.45","67.7445","15484530","1"
"MSFT","2017-05-23","68.72","68.75","68.38","68.68","67.9721","15347877","1"
"MSFT","2017-05-24","68.87","68.88","68.45","68.77","68.0612","14422965","1"
"MSFT","2017-05-25","68.97","69.88","68.91","69.62","68.9024","21702912","1"
"MSFT","2017-05-26","69.8","70.22","69.52","69.96","69.2389","19644260","1"
"MSFT","2017-05-30","69.79","70.41","69.77","70.41","69.6843","16901792","1"
"MSFT","2017-05-31","70.53","70.74","69.81","69.84","69.1201","29538356","1"
"MSFT","2017-06-01","70.24","70.61","69.45","70.1","69.3774","21066468","1"
"MSFT","2017-06-02","70.44","71.86","70.24","71.76","71.0203","34586054","1"
"MSFT","2017-06-05","71.97","72.89","71.81","72.28","71.535","29507429","1"
"MSFT","2017-06-06","72.3","72.62","72.27","72.52","71.7725","31220057","1"
"MSFT","2017-06-07","72.64","72.77","71.95","72.39","71.6438","21895156","1"
"MSFT","2017-06-08","72.51","72.52","71.5","71.95","71.2084","23982410","1"
"MSFT","2017-06-09","72.04","72.08","68.59","70.32","69.5952","48619420","1"
"MSFT","2017-06-12","69.25","69.94","68.13","69.78","69.0607","47363986","1"
"MSFT","2017-06-13","70.02","70.82","69.96","70.65","69.9218","24815455","1"
"MSFT","2017-06-14","70.91","71.1","69.43","70.27","69.5457","25271276","1"
"MSFT","2017-06-15","69.27","70.21","68.8","69.9","69.1795","25701569","1"
"MSFT","2017-06-16","69.73","70.03","69.22","70","69.2785","46911637","1"
"MSFT","2017-06-19","70.5","70.94","70.35","70.87","70.1395","23146852","1"
"MSFT","2017-06-20","70.82","70.87","69.87","69.91","69.1894","20775590","1"
"MSFT","2017-06-21","70.21","70.62","69.94","70.27","69.5457","19190623","1"
"MSFT","2017-06-22","70.54","70.59","69.71","70.26","69.5358","22222851","1"
"MSFT","2017-06-23","70.09","71.25","69.92","71.21","70.476","23176418","1"
"MSFT","2017-06-26","71.4","71.71","70.44","70.53","69.803","19308122","1"
"MSFT","2017-06-27","70.11","70.18","69.18","69.21","68.4966","24862560","1"
"MSFT","2017-06-28","69.21","69.84","68.79","69.8","69.0805","25226070","1"
"MSFT","2017-06-29","69.38","69.49","68.09","68.49","67.784","28231562","1"
"MSFT","2017-06-30","68.78","69.38","68.74","68.93","68.2195","23039328","1"
"MSFT","2017-07-03","69.33","69.6","68.02","68.17","67.4673","16165500","1"
"MSFT","2017-07-05","68.26","69.44","68.22","69.08","68.368","20174523","1"
"MSFT","2017-07-06","68.27","68.78","68.12","68.57","67.8632","20776555","1"
"MSFT","2017-07-07","68.7","69.84","68.7","69.46","68.744","15897154","1"
"MSFT","2017-07-10","69.46","70.25","69.2","69.98","69.2587","14903400","1"
"MSFT","2017-07-11","70","70.68","69.75","69.99","69.2686","16880205","1"
"MSFT","2017-07-12","70.69","71.28","70.55","71.15","70.4166","17382861","1"
"MSFT","2017-07-13","71.5","72.0399","71.31","71.77","71.0302","20149208","1"
"MSFT","2017-07-14","72.24","73.27","71.96","72.78","72.0298","25689303","1"
"MSFT","2017-07-17","72.8","73.45","72.72","73.35","72.5939","21481069","1"
"MSFT","2017-07-18","73.09","73.39","72.66","73.3","72.5445","26150272","1"
"MSFT","2017-07-19","73.5","74.04","73.45","73.86","73.0987","21769229","1"
"MSFT","2017-07-20","74.18","74.3","73.28","74.22","73.455","34174677","1"
"MSFT","2017-07-21","73.45","74.29","73.17","73.79","73.0294","45302930","1"
"MSFT","2017-07-24","73.53","73.75","73.13","73.6","72.8414","20836422","1"
"MSFT","2017-07-25","73.8","74.31","73.5","74.19","73.4253","21522189","1"
"MSFT","2017-07-26","74.34","74.38","73.81","74.05","73.2867","15850344","1"
"MSFT","2017-07-27","73.76","74.42","72.32","73.16","72.4059","35518251","1"
"MSFT","2017-07-28","72.67","73.31","72.54","73.04","72.2871","17472880","1"
"MSFT","2017-07-31","73.3","73.44","72.41","72.7","71.9506","23151962","1"
"MSFT","2017-08-01","73.1","73.42","72.49","72.58","71.8319","19060885","1"
"MSFT","2017-08-02","72.55","72.56","71.44","72.26","71.5152","26405096","1"
"MSFT","2017-08-03","72.19","72.44","71.85","72.15","71.4063","17937522","1"
"MSFT","2017-08-04","72.4","73.04","72.24","72.68","71.9309","22579000","1"
"MSFT","2017-08-07","72.8","72.9","72.26","72.4","71.6537","18705700","1"
"MSFT","2017-08-08","72.09","73.13","71.75","72.79","72.0397","21446993","1"
"MSFT","2017-08-09","72.25","72.51","72.05","72.47","71.723","20401071","1"
"MSFT","2017-08-10","71.9","72.19","71.35","71.41","70.6739","23153711","1"
"MSFT","2017-08-11","71.61","72.7","71.28","72.5","71.7527","21121250","1"
"MSFT","2017-08-14","73.06","73.72","72.95","73.59","72.8315","19756773","1"
"MSFT","2017-08-15","73.59","73.59","73.04","73.22","72.8513","17791179","1"
"MSFT","2017-08-16","73.34","74.1","73.17","73.65","73.2791","17814317","1"
"MSFT","2017-08-17","73.58","73.87","72.4","72.4","72.0354","21834250","1"
"MSFT","2017-08-18","72.27","72.84","71.93","72.49","72.1249","18215276","1"
"MSFT","2017-08-21","72.47","72.48","71.7","72.15","71.7867","17656716","1"
"MSFT","2017-08-22","72.35","73.24","72.35","73.16","72.7916","14183146","1"
"MSFT","2017-08-23","72.96","73.15","72.53","72.72","72.3538","13586784","1"
"MSFT","2017-08-24","72.74","72.86","72.07","72.69","72.3239","15980144","1"
"MSFT","2017-08-25","72.86","73.35","72.48","72.82","72.4533","12574503","1"
"MSFT","2017-08-28","73.06","73.09","72.55","72.83","72.4632","14112777","1"
"MSFT","2017-08-29","72.25","73.16","72.05","73.05","72.6821","11325418","1"
"MSFT","2017-08-30","73.01","74.21","72.83","74.01","73.6373","16826094","1"
"MSFT","2017-08-31","74.03","74.96","73.8","74.77","74.3935","26688077","1"
"MSFT","2017-09-01","74.71","74.74","73.64","73.94","73.5676","21593192","1"
"MSFT","2017-09-05","73.34","73.89","72.98","73.61","73.2393","21432599","1"
"MSFT","2017-09-06","73.74","74.04","73.35","73.4","73.0304","15945136","1"
"MSFT","2017-09-07","73.68","74.6","73.6","74.34","73.9656","17165518","1"
"MSFT","2017-09-08","74.33","74.44","73.84","73.98","73.6074","14474383","1"
"MSFT","2017-09-11","74.31","74.94","74.31","74.76","74.3835","17428067","1"
"MSFT","2017-09-12","74.76","75.24","74.37","74.68","74.3039","14003880","1"
"MSFT","2017-09-13","74.93","75.23","74.55","75.21","74.8312","12998629","1"
"MSFT","2017-09-14","75","75.49","74.52","74.77","74.3935","15373384","1"
"MSFT","2017-09-15","74.83","75.39","74.07","75.31","74.9307","37901927","1"
"MSFT","2017-09-18","75.23","75.97","75.04","75.16","74.7815","22730355","1"
"MSFT","2017-09-19","75.21","75.71","75.01","75.44","75.0601","15606870","1"
"MSFT","2017-09-20","75.35","75.55","74.31","74.94","74.5626","20415084","1"
"MSFT","2017-09-21","75.11","75.24","74.11","74.21","73.8363","19038998","1"
"MSFT","2017-09-22","73.99","74.51","73.85","74.41","74.0353","13969937","1"
"MSFT","2017-09-25","74.09","74.25","72.92","73.26","72.8911","23502422","1"
"MSFT","2017-09-26","73.67","73.81","72.99","73.26","72.8911","17105469","1"
"MSFT","2017-09-27","73.55","74.17","73.17","73.85","73.4781","18934048","1"
"MSFT","2017-09-28","73.54","73.97","73.31","73.87","73.498","10814063","1"
"MSFT","2017-09-29","73.94","74.54","73.88","74.49","74.1149","16700435","1"
"MSFT","2017-10-02","74.71","75.01","74.3","74.61","74.2343","15210338","1"
"MSFT","2017-10-03","74.67","74.88","74.19","74.26","73.886","11935853","1"
"MSFT","2017-10-04","74.09","74.72","73.71","74.69","74.3139","13287346","1"
"MSFT","2017-10-05","75.22","76.12","74.96","75.97","75.5874","20656238","1"
"MSFT","2017-10-06","75.67","76.03","75.54","76","75.6173","13692791","1"
"MSFT","2017-10-09","75.97","76.55","75.86","76.29","75.9058","11364275","1"
"MSFT","2017-10-10","76.33","76.63","76.14","76.29","75.9058","13734627","1"
"MSFT","2017-10-11","76.36","76.46","75.95","76.42","76.0352","14780652","1"
"MSFT","2017-10-12","76.49","77.29","76.37","77.12","76.7316","16778148","1"
"MSFT","2017-10-13","77.59","77.87","77.29","77.49","77.0998","15250772","1"
"MSFT","2017-10-16","77.42","77.81","77.35","77.65","77.259","12331147","1"
"MSFT","2017-10-17","77.47","77.62","77.25","77.59","77.1993","15953665","1"
"MSFT","2017-10-18","77.67","77.85","77.37","77.61","77.2192","13147124","1"
"MSFT","2017-10-19","77.57","77.93","77.35","77.91","77.5176","14982129","1"
"MSFT","2017-10-20","78.32","78.97","78.22","78.81","78.4131","22517092","1"
"MSFT","2017-10-23","78.99","79.34","78.76","78.83","78.433","20479731","1"
"MSFT","2017-10-24","78.9","79.2","78.46","78.86","78.4629","16613928","1"
"MSFT","2017-10-25","78.58","79.1","78.01","78.63","78.234","19714512","1"
"MSFT","2017-10-26","79.2","79.42","78.75","78.76","78.3634","29181652","1"
"MSFT","2017-10-27","84.37","86.2","83.61","83.81","83.3879","70877350","1"
"MSFT","2017-10-30","83.7","84.33","83.11","83.89","83.4675","31291801","1"
"MSFT","2017-10-31","84.36","84.36","83.11","83.18","82.7611","26728947","1"
"MSFT","2017-11-01","83.68","83.76","82.88","83.18","82.7611","22039635","1"
"MSFT","2017-11-02","83.35","84.46","83.12","84.05","83.6267","23822964","1"
"MSFT","2017-11-03","84.08","84.54","83.4","84.14","83.7163","17569120","1"
"MSFT","2017-11-06","84.2","84.7","84.08","84.47","84.0446","19039847","1"
"MSFT","2017-11-07","84.77","84.9","83.93","84.27","83.8456","17152583","1"
"MSFT","2017-11-08","84.14","84.61","83.83","84.56","84.1342","18034170","1"
"MSFT","2017-11-09","84.11","84.27","82.9","84.09","83.6665","20924172","1"
"MSFT","2017-11-10","83.79","84.1","83.23","83.87","83.4476","19340435","1"
"MSFT","2017-11-13","83.66","83.94","83.46","83.93","83.5073","14080820","1"
"MSFT","2017-11-14","83.5","84.1","82.98","84.05","83.6267","18604034","1"
"MSFT","2017-11-15","83.47","83.69","82.69","82.98","82.98","19097333","1"
"MSFT","2017-11-16","83.1","83.42","82.94","83.2","83.2","20659209","1"
"MSFT","2017-11-17","83.12","83.12","82.24","82.4","82.4","21715498","1"
"MSFT","2017-11-20","82.4","82.59","82.25","82.53","82.53","16072495","1"
"MSFT","2017-11-21","82.74","83.84","82.74","83.72","83.72","21237454","1"
"MSFT","2017-11-22","83.83","83.9","83.04","83.11","83.11","20213704","1"
"MSFT","2017-11-24","83.01","83.43","82.78","83.26","83.26","7425503","1"
"MSFT","2017-11-27","83.31","83.98","83.3","83.87","83.87","17603760","1"
"MSFT","2017-11-28","84.07","85.06","84.02","84.88","84.88","21162639","1"
"MSFT","2017-11-29","84.71","84.9172","83.175","83.34","83.34","27358477","1"
"MSFT","2017-11-30","83.51","84.52","83.34","84.17","84.17","32998408","1"
"MSFT","2017-12-01","83.6","84.81","83.22","84.26","84.26","29387325","1"
"MSFT","2017-12-04","84.42","84.4299","80.7","81.08","81.08","37977732","1"
"MSFT","2017-12-05","81.34","82.68","80.9801","81.59","81.59","25512120","1"
"MSFT","2017-12-06","81.55","83.14","81.43","82.78","82.78","24821403","1"
"MSFT","2017-12-07","82.54","82.8","82","82.49","82.49","20378114","1"
"MSFT","2017-12-08","83.63","84.58","83.33","84.16","84.16","23825056","1"
"MSFT","2017-12-11","84.29","85.37","84.12","85.23","85.23","19909119","1"
"MSFT","2017-12-12","85.31","86.05","85.08","85.58","85.58","23534946","1"
"MSFT","2017-12-13","85.74","86","85.17","85.35","85.35","21307911","1"
"MSFT","2017-12-14","85.43","85.8739","84.53","84.69","84.69","19080106","1"
"MSFT","2017-12-15","85.26","87.09","84.88","86.85","86.85","52430167","1"
"MSFT","2017-12-18","87.12","87.4999","86.23","86.38","86.38","21551076","1"
"MSFT","2017-12-19","86.35","86.35","85.27","85.83","85.83","23241979","1"
"MSFT","2017-12-20","86.2","86.3","84.71","85.52","85.52","23425009","1"
"MSFT","2017-12-21","86.05","86.1","85.4","85.5","85.5","16638402","1"
"MSFT","2017-12-22","85.4","85.63","84.92","85.51","85.51","14033977","1"
"MSFT","2017-12-26","85.31","85.5346","85.03","85.4","85.4","9737412","1"
"MSFT","2017-12-27","85.65","85.98","85.215","85.71","85.71","13000828","1"
"MSFT","2017-12-28","85.9","85.93","85.55","85.72","85.72","9872795","1"
"MSFT","2017-12-29","85.63","86.05","85.5","85.54","85.54","18162779","1"
"MSFT","2018-01-02","86.125","86.31","85.5","85.95","85.95","21993101","1"
"MSFT","2018-01-03","86.055","86.51","85.97","86.35","86.35","24173064","1"
"MSFT","2018-01-04","86.59","87.66","86.57","87.11","87.11","21145985","1"
"MSFT","2018-01-05","87.66","88.41","87.43","88.19","88.19","22526563","1"
"MSFT","2018-01-08","88.2","88.58","87.6046","88.28","88.28","20293930","1"
"MSFT","2018-01-09","88.65","88.7272","87.86","88.22","88.22","19390427","1"
"MSFT","2018-01-10","87.86","88.19","87.41","87.82","87.82","18129153","1"
"MSFT","2018-01-11","88.13","88.13","87.24","88.08","88.08","16529868","1"
"MSFT","2018-01-12","88.67","89.78","88.45","89.6","89.6","24000439","1"
"MSFT","2018-01-16","90.1","90.79","88.0104","88.35","88.35","35945428","1"
"MSFT","2018-01-17","89.08","90.28","88.75","90.14","90.14","24659472","1"
"MSFT","2018-01-18","89.8","90.67","89.66","90.1","90.1","22931303","1"
"MSFT","2018-01-19","90.14","90.61","89.66","90","90","34896964","1"
"MSFT","2018-01-22","90","91.62","89.74","91.61","91.61","23190700","1"
"MSFT","2018-01-23","91.9","92.3","91.54","91.9","91.9","23013991","1"
"MSFT","2018-01-24","92.55","93.43","92.19","92.49","92.49","7801831","1"
"MSFT","2018-01-25","92.465","93.24","91.93","92.33","92.33","26098831","1"
"MSFT","2018-01-26","93.12","94.06","92.58","94.06","94.06","26348999","1"
"MSFT","2018-01-29","95.14","95.45","93.72","93.92","93.92","30409620","1"
"MSFT","2018-01-30","93.3","93.66","92.1","92.965","92.965","24598660","1"
"MSFT","2018-01-31","93.75","95.4","93.51","95.01","95.01","44284284","1"
"MSFT","2018-02-01","94.79","96.07","93.5813","94.26","94.26","46645657","1"
"MSFT","2018-02-02","93.64","93.97","91.5","91.78","91.78","47076959","1"
"MSFT","2018-02-05","90.56","93.24","88","88","88","42253469","1"
"MSFT","2018-02-06","86.89","91.475","85.25","91.33","91.33","66157030","1"
"MSFT","2018-02-07","90.49","91.77","89.2","89.61","89.61","40340551","1"
"MSFT","2018-02-08","89.71","89.875","84.76","85.01","85.01","47485202","1"
"MSFT","2018-02-09","86.3","88.93","83.83","88.18","88.18","57408480","1"
"MSFT","2018-02-12","88.735","89.78","87.9295","89.13","89.13","35720131","1"
"MSFT","2018-02-13","88.93","90","87.8","89.83","89.4164","26200053","1"
"MSFT","2018-02-14","88.51","90.99","88.41","90.81","90.81","34314101","1"
"MSFT","2018-02-15","91.21","92.72","90.62","92.66","92.66","27407914","1"
"MSFT","2018-02-16","92.45","93.5","91.8","92","92","30188535","1"
"MSFT","2018-02-20","91.475","93.06","91.01","92.72","92.72","30107057","1"
"MSFT","2018-02-21","92.98","93.3595","91.49","91.49","91.49","26081953","1"
"MSFT","2018-02-22","92.05","92.73","91.36","91.73","91.73","22723756","1"
"MSFT","2018-02-23","92.75","94.07","92.36","94.06","94.06","25779955","1"
"MSFT","2018-02-26","94.4","95.45","94.25","95.42","95.42","29760276","1"
"MSFT","2018-02-27","95.74","95.84","94.2","94.2","94.2","25540755","1"
"MSFT","2018-02-28","94.84","95.705","93.63","93.77","93.77","29314525","1"
"MSFT","2018-03-01","93.99","94.57","91.84","92.85","92.85","36924128","1"
"MSFT","2018-03-02","91.58","93.15","90.86","93.05","93.05","32830389","1"
"MSFT","2018-03-05","92.34","94.27","92.26","93.64","93.64","23901578","1"
"MSFT","2018-03-06","94.34","94.49","92.941","93.32","93.32","22175776","1"
"MSFT","2018-03-07","93.16","93.9406","92.43","93.86","93.86","26716127","1"
"MSFT","2018-03-08","94.27","95.1","93.765","94.43","94.43","24861307","1"
"MSFT","2018-03-09","95.29","96.54","95","96.54","96.54","36145524","1"
"MSFT","2018-03-12","96.5","97.21","96.04","96.77","96.77","25333720","1"
"MSFT","2018-03-13","97","97.24","93.97","94.41","94.41","34445391","1"
"MSFT","2018-03-14","95.12","95.41","93.5","93.85","93.85","31576898","1"
"MSFT","2018-03-15","93.53","94.58","92.83","94.18","94.18","26279014","1"
"MSFT","2018-03-16","94.68","95.38","93.92","94.6","94.6","47329521","1"
"MSFT","2018-03-19","93.74","93.9","92.11","92.89","92.89","31752589","1"
"MSFT","2018-03-20","93.05","93.77","93","93.13","93.13","21787780","1"
"MSFT","2018-03-21","92.93","94.05","92.21","92.48","92.48","23753263","1"
"MSFT","2018-03-22","91.265","91.75","89.66","89.79","89.79","37578166","1"
"MSFT","2018-03-23","89.5","90.46","87.08","87.18","87.18","42159397","1"
"MSFT","2018-03-26","90.61","94","90.4","93.78","93.78","55031149","1"
"MSFT","2018-03-27","94.94","95.139","88.51","89.47","89.47","53704562","1"
"MSFT","2018-03-28","89.82","91.23","88.873","89.39","89.39","52501146","1"
"MSFT","2018-03-29","90.18","92.29","88.4","91.27","91.27","45867548","1"
"MSFT","2018-04-02","90.47","90.88","87.51","88.52","88.52","48515417","1"
"MSFT","2018-04-03","89.575","90.05","87.89","89.71","89.71","37213837","1"
"MSFT","2018-04-04","87.85","92.76","87.73","92.33","92.33","35559956","1"
"MSFT","2018-04-05","92.435","93.065","91.4","92.38","92.38","29771881","1"
"MSFT","2018-04-06","91.49","92.46","89.48","90.23","90.23","37808489","1"
"MSFT","2018-04-09","91.04","93.17","90.62","90.77","90.77","31533943","1"
"MSFT","2018-04-10","92.39","93.28","91.64","92.88","92.88","26939883","1"
"MSFT","2018-04-11","92.01","93.29","91.48","91.86","91.86","24872110","1"
"MSFT","2018-04-12","92.43","94.16","92.43","93.58","93.58","26758879","1"
"MSFT","2018-04-13","94.05","94.18","92.44","93.08","93.08","23346063","1"
"MSFT","2018-04-16","94.07","94.66","93.42","94.17","94.17","20288083","1"
"MSFT","2018-04-17","95","96.54","94.88","96.07","96.07","26771000","1"
"MSFT","2018-04-18","96.22","96.72","95.52","96.44","96.44","21043287","1"
"MSFT","2018-04-19","96.44","97.07","95.34","96.11","96.11","23552541","1"
"MSFT","2018-04-20","95.91","96.11","94.05","95","95","31154377","1"
"MSFT","2018-04-23","95.7436","96.29","94.63","95.35","95.35","22331829","1"
"MSFT","2018-04-24","96.242","96.47","92.41","93.12","93.12","34524799","1"
"MSFT","2018-04-25","93.3","93.3","90.28","92.31","92.31","33729257","1"
"MSFT","2018-04-26","93.55","95.15","93.1","94.26","94.26","42529043","1"
"MSFT","2018-04-27","97.6","97.9","93.91","95.82","95.82","48036532","1"
"MSFT","2018-04-30","96.33","96.3964","93.15","93.52","93.1174","41523605","1"
"MSFT","2018-05-01","93.21","95.29","92.79","95","94.5911","31408927","1"
"MSFT","2018-05-02","94.99","95.17","93.19","93.51","93.1075","27471002","1"
"MSFT","2018-05-03","92.96","94.925","92.45","94.07","93.6651","31142497","1"
"MSFT","2018-05-04","93.32","95.37","92.92","95.16","94.7504","22531325","1"
"MSFT","2018-05-07","95.17","96.71","95.1","96.22","95.8058","24242019","1"
"MSFT","2018-05-08","95.8456","96.16","95.0631","95.81","95.3976","23484589","1"
"MSFT","2018-05-09","96.01","96.97","95.05","96.94","96.5227","27327410","1"
"MSFT","2018-05-10","97.46","97.95","97.05","97.91","97.4885","22388119","1"
"MSFT","2018-05-11","97.8","97.87","97.04","97.7","97.2794","16778316","1"
"MSFT","2018-05-14","97.92","98.69","97.31","98.03","97.608","19454124","1"
"MSFT","2018-05-15","97.24","97.85","96.34","97.32","96.9011","24594010","1"
"MSFT","2018-05-16","97.36","97.4","96.615","97.15","97.15","17384742","1"
"MSFT","2018-05-17","96.76","97.5401","95.83","96.18","96.18","17246716","1"
"MSFT","2018-05-18","96.01","96.93","96.01","96.36","96.36","17865840","1"
"MSFT","2018-05-21","97","98.01","96.8","97.6","97.6","19422467","1"
"MSFT","2018-05-22","97.68","98.17","97.2","97.5","97.5","15441189","1"
"MSFT","2018-05-23","96.71","98.73","96.32","98.66","98.66","21251222","1"
"MSFT","2018-05-24","98.725","98.94","96.81","98.31","98.31","26649287","1"
"MSFT","2018-05-25","98.3","98.98","97.86","98.36","98.36","18363918","1"
"MSFT","2018-05-29","97.84","98.88","97.23","98.01","98.01","28670981","1"
"MSFT","2018-05-30","98.31","99.25","97.91","98.95","98.95","22158528","1"
"MSFT","2018-05-31","99.29","99.99","98.61","98.84","98.84","34140891","1"
"MSFT","2018-06-01","99.2798","100.86","99.17","100.79","100.79","28655624","1"
"MSFT","2018-06-04","101.26","101.86","100.851","101.67","101.67","27281623","1"
"MSFT","2018-06-05","102","102.33","101.53","102.19","102.19","23514402","1"
"MSFT","2018-06-06","102.48","102.6","101.9","102.49","102.49","21122917","1"
"MSFT","2018-06-07","102.65","102.69","100.38","100.88","100.88","28143056","1"
"MSFT","2018-06-08","101.092","101.625","100.54","101.54","101.54","6303352","1"
"MSFT","2018-06-11","101.37","101.59","100.67","101.05","101.05","23490894","1"
"MSFT","2018-06-12","101.1","101.449","100.75","101.31","101.31","18325228","1"
"MSFT","2018-06-13","101.72","102.01","100.56","100.85","100.85","29492875","1"
"MSFT","2018-06-14","101.65","102.03","101","101.42","101.42","25691811","1"
"MSFT","2018-06-15","101.51","101.53","100.07","100.13","100.13","65738585","1"
"MSFT","2018-06-18","100.01","101.11","99.42","100.86","100.86","23586037","1"
"MSFT","2018-06-19","99.65","101","99.5","100.86","100.86","28653087","1"
"MSFT","2018-06-20","101.37","102.52","101.12","101.87","101.87","26180792","1"
"MSFT","2018-06-21","102.075","102.46","100.88","101.14","101.14","23198188","1"
"MSFT","2018-06-22","100.41","100.77","99.625","100.41","100.41","38923105","1"
"MSFT","2018-06-25","100","100.11","97.3","98.39","98.39","35433333","1"
"MSFT","2018-06-26","98.82","100.08","98.75","99.08","99.08","26897244","1"
"MSFT","2018-06-27","99.58","100.02","97.4","97.54","97.54","31298386","1"
"MSFT","2018-06-28","97.38","99.11","97.26","98.63","98.63","26650671","1"
"MSFT","2018-06-29","98.93","99.91","98.33","98.61","98.61","28053214","1"
"MSFT","2018-07-02","98.1","100.06","98","100.01","100.01","19564521","1"
"MSFT","2018-07-03","100.48","100.63","98.94","99.05","99.05","14670275","1"
"MSFT","2018-07-05","99.5","99.92","99.0299","99.76","99.76","18977402","1"
"MSFT","2018-07-06","99.885","101.43","99.67","101.16","101.16","19234627","1"
"MSFT","2018-07-09","101.645","102.25","101.251","101.85","101.85","18211980","1"
"MSFT","2018-07-10","102","102.51","101.86","102.12","102.12","19293140","1"
"MSFT","2018-07-11","101.15","102.34","101.1","101.98","101.98","19644648","1"
"MSFT","2018-07-12","102.77","104.41","102.73","104.19","104.19","24335929","1"
"MSFT","2018-07-13","104.37","105.6","104.09","105.43","105.43","24653500","1"
"MSFT","2018-07-16","105.4","105.82","104.515","104.91","104.91","21786912","1"
"MSFT","2018-07-17","104.61","106.5","104.32","105.95","105.95","25901726","1"
"MSFT","2018-07-18","105.94","106.05","104.715","105.12","105.12","29054026","1"
"MSFT","2018-07-19","104.93","105.31","104.18","104.38","104.38","20130530","1"
"MSFT","2018-07-20","108.08","108.2","106.08","106.27","106.27","56038827","1"
"MSFT","2018-07-23","106.3","108.14","106.13","107.97","107.97","29706955","1"
"MSFT","2018-07-24","108.57","108.82","107.26","107.66","107.66","26316619","1"
"MSFT","2018-07-25","107.955","111.15","107.6","110.83","110.83","30798058","1"
"MSFT","2018-07-26","110.74","111","109.5","109.62","109.62","31372110","1"
"MSFT","2018-07-27","110.18","110.18","106.14","107.68","107.68","37005292","1"
"MSFT","2018-07-30","107.19","107.53","104.76","105.37","105.37","34668327","1"
"MSFT","2018-07-31","106.49","106.72","105.38","106.08","106.08","27655152","1"
"MSFT","2018-08-01","106.03","106.446","105.42","106.28","106.28","23628699","1"
"MSFT","2018-08-02","105.4","108.09","104.84","107.57","107.57","26104258","1"
"MSFT","2018-08-03","107.8","108.05","106.82","108.04","108.04","18659599","1"
"MSFT","2018-08-06","108.12","108.42","107.559","107.95","107.95","8672663","1"
"MSFT","2018-08-07","108.56","109.1","108.17","108.88","108.457","16080214","1"
"MSFT","2018-08-08","109.33","109.75","108.76","109.49","109.064","15487502","1"
"MSFT","2018-08-09","109.71","110.16","109.6","109.67","109.244","13677211","1"
"MSFT","2018-08-10","109.42","109.69","108.38","109","108.576","18183724","1"
"MSFT","2018-08-13","109.24","109.58","108.1","108.21","107.789","18474884","1"
"MSFT","2018-08-14","108.56","109.75","108.04","109.56","109.134","16788314","1"
"MSFT","2018-08-15","108.49","108.985","106.82","107.66","107.66","29982806","1"
"MSFT","2018-08-16","108.3","108.86","107.3","107.64","107.64","21384289","1"
"MSFT","2018-08-17","107.36","107.9","106.69","107.58","107.58","18061512","1"
"MSFT","2018-08-20","107.51","107.9","106.48","106.87","106.87","17914201","1"
"MSFT","2018-08-21","106.92","107.35","105.85","105.98","105.98","22881861","1"
"MSFT","2018-08-22","105.85","107.34","105.78","107.06","107.06","18000639","1"
"MSFT","2018-08-23","107.15","108.18","106.87","107.56","107.56","18167723","1"
"MSFT","2018-08-24","107.67","108.56","107.56","108.4","108.4","17234020","1"
"MSFT","2018-08-27","109.27","109.64","108.51","109.6","109.6","19662331","1"
"MSFT","2018-08-28","109.94","110.5","109.79","110.26","110.26","19151528","1"
"MSFT","2018-08-29","110.45","112.03","110.27","112.02","112.02","20818044","1"
"MSFT","2018-08-30","111.67","112.61","111.44","111.95","111.95","22798702","1"
"MSFT","2018-08-31","111.685","112.777","111.515","112.33","112.33","23222713","1"
"MSFT","2018-09-04","110.85","111.955","110.22","111.71","111.71","22634641","1"
"MSFT","2018-09-05","111.01","111.42","108.1","108.49","108.49","32872352","1"
"MSFT","2018-09-06","108.25","108.99","107.51","108.74","108.74","23477624","1"
"MSFT","2018-09-07","108.23","108.725","107.23","108.21","108.21","22498646","1"
"MSFT","2018-09-10","108.84","109.64","108.36","109.38","109.38","20727906","1"
"MSFT","2018-09-11","108.9","111.59","108.89","111.24","111.24","24301774","1"
"MSFT","2018-09-12","111.43","111.85","110.51","111.71","111.71","18891064","1"
"MSFT","2018-09-13","112.12","113.725","112.12","112.91","112.91","26055620","1"
"MSFT","2018-09-14","113.36","113.73","112.44","113.37","113.37","19122349","1"
"MSFT","2018-09-17","113.69","113.7","111.86","112.14","112.14","20736516","1"
"MSFT","2018-09-18","112.19","113.695","111.72","113.21","113.21","22170934","1"
"MSFT","2018-09-19","113.05","113.32","111.035","111.7","111.7","21728429","1"
"MSFT","2018-09-20","112.28","113.8","111.93","113.57","113.57","23714512","1"
"MSFT","2018-09-21","114","115.29","113.51","114.26","114.26","71229698","1"
"MSFT","2018-09-24","113.03","114.57","112.217","114.25","114.25","11875748","1"
"MSFT","2018-09-25","114.8","115.1","113.75","114.45","113.464","22668014","1"
"MSFT","2018-09-26","114.47","115.055","113.74","113.98","112.998","19352025","1"
"MSFT","2018-09-27","114.78","114.91","114.2","114.41","113.424","19091299","1"
"MSFT","2018-09-28","114.19","114.57","113.68","114.37","113.384","21647811","1"
"MSFT","2018-10-01","114.75","115.68","114.73","115.61","114.614","18883079","1"
"MSFT","2018-10-02","115.3","115.84","114.44","115.15","114.158","20787239","1"
"MSFT","2018-10-03","115.42","116.18","114.93","115.17","114.177","16648018","1"
"MSFT","2018-10-04","114.61","114.759","111.63","112.79","111.818","34821717","1"
"MSFT","2018-10-05","112.63","113.17","110.64","112.13","111.163","29068859","1"
"MSFT","2018-10-08","111.66","112.03","109.34","110.85","109.895","29640588","1"
"MSFT","2018-10-09","111.14","113.08","110.8","112.26","111.292","26198594","1"
"MSFT","2018-10-10","111.24","111.5","105.79","106.16","105.245","61376300","1"
"MSFT","2018-10-11","105.35","108.93","104.2","105.91","104.997","63904282","1"
"MSFT","2018-10-12","109.01","111.24","107.12","109.57","108.626","47742109","1"
"MSFT","2018-10-15","108.91","109.48","106.947","107.6","106.673","32068103","1"
"MSFT","2018-10-16","109.54","111.41","108.95","111","110.043","31610164","1"
"MSFT","2018-10-17","111.68","111.81","109.548","110.71","109.756","26548243","1"
"MSFT","2018-10-18","110.1","110.53","107.83","108.5","107.565","32506192","1"
"MSFT","2018-10-19","108.93","110.86","108.21","108.66","107.723","32785475","1"
"MSFT","2018-10-22","109.32","110.54","108.24","109.63","108.685","26545607","1"
"MSFT","2018-10-23","107.77","108.97","105.11","108.1","107.168","43770429","1"
"MSFT","2018-10-24","108.41","108.49","101.59","102.32","101.438","63897759","1"
"MSFT","2018-10-25","106.55","109.27","106.15","108.3","107.367","61646819","1"
"MSFT","2018-10-26","105.69","108.75","104.76","106.96","106.038","55523104","1"
"MSFT","2018-10-29","108.105","108.7","101.63","103.85","102.955","55162001","1"
"MSFT","2018-10-30","103.66","104.38","100.11","103.73","102.836","65350878","1"
"MSFT","2018-10-31","105.435","108.14","105.39","106.81","105.889","51062383","1"
"MSFT","2018-11-01","107.05","107.32","105.53","105.92","105.007","33384201","1"
"MSFT","2018-11-02","106.48","107.32","104.975","106.16","105.245","37680194","1"
"MSFT","2018-11-05","106.37","107.74","105.9","107.51","106.583","27922144","1"
"MSFT","2018-11-06","107.38","108.84","106.28","107.72","106.791","24340248","1"
"MSFT","2018-11-07","109.44","112.24","109.4","111.96","110.995","37901704","1"
"MSFT","2018-11-08","111.8","112.21","110.91","111.75","110.787","25644105","1"
"MSFT","2018-11-09","110.85","111.45","108.76","109.57","108.626","32039223","1"
"MSFT","2018-11-12","109.42","109.96","106.1","106.87","105.949","33621807","1"
"MSFT","2018-11-13","107.55","108.74","106.64","106.94","106.018","35374583","1"
"MSFT","2018-11-14","108.1","108.26","104.47","104.97","104.521","39495141","1"
"MSFT","2018-11-15","104.99","107.8","103.91","107.28","106.821","38505165","1"
"MSFT","2018-11-16","107.08","108.88","106.8","108.29","107.827","33502121","1"
"MSFT","2018-11-19","108.27","108.56","103.55","104.62","104.173","44773899","1"
"MSFT","2018-11-20","101.8","102.97","99.3528","101.71","101.275","64052457","1"
"MSFT","2018-11-21","103.6","104.43","102.24","103.11","102.669","28130621","1"
"MSFT","2018-11-23","102.17","103.81","102","103.07","102.629","13823099","1"
"MSFT","2018-11-26","104.79","106.63","104.58","106.47","106.015","32336165","1"
"MSFT","2018-11-27","106.27","107.33","105.36","107.14","106.682","29124486","1"
"MSFT","2018-11-28","107.89","111.33","107.86","111.12","110.645","46788461","1"
"MSFT","2018-11-29","110.33","111.115","109.03","110.19","109.719","28123195","1"
"MSFT","2018-11-30","110.7","110.97","109.36","110.89","110.416","33665624","1"
"MSFT","2018-12-03","113","113.42","110.73","112.09","111.611","34732772","1"
"MSFT","2018-12-04","111.94","112.637","108.212","108.52","108.056","45196984","1"
"MSFT","2018-12-06","105.82","109.24","105","109.19","108.723","49107431","1"
"MSFT","2018-12-07","108.38","109.45","104.3","104.82","104.372","45044937","1"
"MSFT","2018-12-10","104.8","107.98","103.89","107.59","107.13","40801525","1"
"MSFT","2018-12-11","109.8","110.95","107.44","108.59","108.126","42381947","1"
"MSFT","2018-12-12","110.89","111.27","109.04","109.08","108.614","36183020","1"
"MSFT","2018-12-13","109.58","110.87","108.63","109.45","108.982","31333362","1"
"MSFT","2018-12-14","108.25","109.26","105.5","106.03","105.577","47043136","1"
"MSFT","2018-12-17","105.41","105.8","101.71","102.89","102.45","56957314","1"
"MSFT","2018-12-18","103.75","104.51","102.52","103.97","103.526","49319196","1"
"MSFT","2018-12-19","103.65","106.88","101.35","103.69","103.247","68198186","1"
"MSFT","2018-12-20","103.05","104.31","98.78","101.51","101.076","70334184","1"
"MSFT","2018-12-21","101.63","103","97.46","98.23","97.8101","111242070","1"
"MSFT","2018-12-24","97.68","97.97","93.98","94.13","93.7276","43935192","1"
"MSFT","2018-12-26","95.14","100.69","93.96","100.56","100.13","51634793","1"
"MSFT","2018-12-27","99.3","101.19","96.4","101.18","100.747","49498509","1"
"MSFT","2018-12-28","102.09","102.41","99.52","100.39","99.9609","38169312","1"
"MSFT","2018-12-31","101.29","102.4","100.44","101.57","101.136","33173765","1"
"MSFT","2019-01-02","99.55","101.75","98.94","101.12","100.688","35329345","1"
"MSFT","2019-01-03","100.1","100.185","97.2","97.4","96.9836","42578410","1"
"MSFT","2019-01-04","99.72","102.51","98.93","101.93","101.494","44060620","1"
"MSFT","2019-01-07","101.64","103.268","100.98","102.06","101.624","35656136","1"
"MSFT","2019-01-08","103.04","103.97","101.713","102.8","102.361","31514415","1"
"MSFT","2019-01-09","103.86","104.88","103.244","104.27","103.824","32280840","1"
"MSFT","2019-01-10","103.22","103.75","102.38","103.6","103.157","30067556","1"
"MSFT","2019-01-11","103.19","103.44","101.64","102.8","102.361","28314202","1"
"MSFT","2019-01-14","101.9","102.872","101.26","102.05","101.614","28437079","1"
"MSFT","2019-01-15","102.51","105.05","101.88","105.01","104.561","31587616","1"
"MSFT","2019-01-16","105.26","106.255","104.96","105.38","104.929","29853865","1"
"MSFT","2019-01-17","105","106.625","104.76","106.12","105.666","28393015","1"
"MSFT","2019-01-18","107.46","107.9","105.91","107.71","107.25","37427587","1"
"MSFT","2019-01-22","106.75","107.1","104.86","105.68","105.228","32371253","1"
"MSFT","2019-01-23","106.12","107.04","105.34","106.71","106.254","25874294","1"
"MSFT","2019-01-24","106.86","107","105.34","106.2","105.746","23164838","1"
"MSFT","2019-01-25","107.24","107.88","106.59","107.17","106.712","31218193","1"
"MSFT","2019-01-28","106.26","106.48","104.66","105.08","104.631","29476719","1"
"MSFT","2019-01-29","104.88","104.97","102.17","102.94","102.5","31490547","1"
"MSFT","2019-01-30","104.62","106.38","104.33","106.38","105.925","49471866","1"
"MSFT","2019-01-31","103.8","105.22","103.18","104.43","103.984","55636391","1"
"MSFT","2019-02-01","103.775","104.1","102.35","102.78","102.341","35535690","1"
"MSFT","2019-02-04","102.87","105.8","102.77","105.74","105.288","31315282","1"
"MSFT","2019-02-05","106.06","107.27","105.96","107.22","106.762","27325365","1"
"MSFT","2019-02-06","107","107","105.53","106.03","105.577","20609759","1"
"MSFT","2019-02-07","105.185","105.59","104.29","105.27","104.82","29760697","1"
"MSFT","2019-02-08","104.39","105.78","104.26","105.67","105.218","21461093","1"
"MSFT","2019-02-11","106.2","106.58","104.965","105.25","104.8","18914123","1"
"MSFT","2019-02-12","106.14","107.14","105.48","106.89","106.433","25056595","1"
"MSFT","2019-02-13","107.5","107.78","106.71","106.81","106.353","18394869","1"
"MSFT","2019-02-14","106.31","107.29","105.66","106.9","106.443","21784703","1"
"MSFT","2019-02-15","107.91","108.3","107.362","108.22","107.757","26606886","1"
"MSFT","2019-02-19","107.79","108.66","107.78","108.17","107.708","18038460","1"
"MSFT","2019-02-20","107.86","107.94","106.29","107.15","107.15","21607671","1"
"MSFT","2019-02-21","106.9","109.48","106.87","109.41","109.41","29063231","1"
"MSFT","2019-02-22","110.05","111.2","109.82","110.97","110.97","27763218","1"
"MSFT","2019-02-25","111.76","112.18","111.26","111.59","111.59","23750599","1"
"MSFT","2019-02-26","111.26","113.24","111.17","112.36","112.36","21536733","1"
"MSFT","2019-02-27","111.69","112.36","110.88","112.17","112.17","21487062","1"
"MSFT","2019-02-28","112.04","112.88","111.73","112.03","112.03","29083934","1"
"MSFT","2019-03-01","112.89","113.02","111.665","112.53","112.53","23501169","1"
"MSFT","2019-03-04","113.02","113.25","110.8","112.26","112.26","26608014","1"
"MSFT","2019-03-05","112.25","112.39","111.23","111.7","111.7","19538318","1"
"MSFT","2019-03-06","111.87","112.66","111.43","111.75","111.75","17686996","1"
"MSFT","2019-03-07","111.4","111.55","109.865","110.39","110.39","25338954","1"
"MSFT","2019-03-08","109.16","110.71","108.8","110.51","110.51","22818430","1"
"MSFT","2019-03-11","110.99","112.95","110.98","112.83","112.83","26491618","1"
"MSFT","2019-03-12","112.82","113.99","112.65","113.62","113.62","26132717","1"
"MSFT","2019-03-13","114.13","115","113.78","114.5","114.5","35513771","1"
"MSFT","2019-03-14","114.54","115.2","114.33","114.59","114.59","30412876","1"
"MSFT","2019-03-15","115.34","117.25","114.59","115.91","115.91","54630661","1"
"MSFT","2019-03-18","116.17","117.61","116.05","117.57","117.57","31207596","1"
"MSFT","2019-03-19","118.09","118.44","116.99","117.65","117.65","37588697","1"
"MSFT","2019-03-20","117.39","118.75","116.71","117.52","117.52","28113343","1"
"MSFT","2019-03-21","117.135","120.82","117.09","120.22","120.22","29854446","1"
"MSFT","2019-03-22","119.5","119.59","117.04","117.05","117.05","33624528","1"
"MSFT","2019-03-25","116.56","118.01","116.322","117.66","117.66","27067117","1"
"MSFT","2019-03-26","118.62","118.705","116.85","117.91","117.91","26097665","1"
"MSFT","2019-03-27","117.875","118.21","115.521","116.77","116.77","22733427","1"
"MSFT","2019-03-28","117.44","117.58","116.13","116.93","116.93","17491071","1"
"MSFT","2019-03-29","118.07","118.32","116.96","117.94","117.94","25399752","1"
"MSFT","2019-04-01","118.95","119.108","118.1","119.02","119.02","22789103","1"
"MSFT","2019-04-02","119.06","119.48","118.52","119.19","119.19","18142297","1"
"MSFT","2019-04-03","119.86","120.43","119.15","119.97","119.97","22860744","1"
"MSFT","2019-04-04","120.1","120.23","118.38","119.36","119.36","20112848","1"
"MSFT","2019-04-05","119.39","120.23","119.37","119.89","119.89","15826245","1"
"MSFT","2019-04-08","119.81","120.02","118.64","119.93","119.93","15116186","1"
"MSFT","2019-04-09","118.63","119.54","118.58","119.28","119.28","17611981","1"
"MSFT","2019-04-10","119.76","120.35","119.54","120.19","120.19","14539193","1"
"MSFT","2019-04-11","120.54","120.85","119.92","120.33","120.33","14209121","1"
"MSFT","2019-04-12","120.64","120.98","120.37","120.95","120.95","19745143","1"
"MSFT","2019-04-15","120.94","121.58","120.57","121.05","121.05","15792572","1"
"MSFT","2019-04-16","121.64","121.65","120.1","120.77","120.77","14071787","1"
"MSFT","2019-04-17","121.24","121.85","120.54","121.77","121.77","19300938","1"
"MSFT","2019-04-18","122.19","123.52","121.302","123.37","123.37","27990998","1"
"MSFT","2019-04-22","122.62","124","122.57","123.76","123.76","15648724","1"
"MSFT","2019-04-23","124.1","125.58","123.83","125.44","125.44","23536936","1"
"MSFT","2019-04-24","125.79","125.85","124.52","125.01","125.01","31256980","1"
"MSFT","2019-04-25","130.06","131.37","128.83","129.15","129.15","38033892","1"
"MSFT","2019-04-26","129.7","130.515","129.02","129.89","129.89","23654933","1"
"MSFT","2019-04-29","129.9","130.18","129.35","129.77","129.77","16324183","1"
"MSFT","2019-04-30","129.81","130.7","129.395","130.6","130.6","24166503","1"
"MSFT","2019-05-01","130.53","130.65","127.7","127.88","127.88","26821692","1"
"MSFT","2019-05-02","127.98","128","125.52","126.21","126.21","27350161","1"
"MSFT","2019-05-03","127.36","129.43","127.25","128.9","128.9","24911126","1"
"MSFT","2019-05-06","126.39","128.56","126.11","128.15","128.15","24239464","1"
"MSFT","2019-05-07","126.46","127.18","124.22","125.52","125.52","35167000","1"
"MSFT","2019-05-08","125.44","126.37","124.75","125.51","125.053","28418996","1"
"MSFT","2019-05-09","124.29","125.79","123.57","125.5","125.044","27235835","1"
"MSFT","2019-05-10","124.91","127.93","123.82","127.13","126.668","30915084","1"
"MSFT","2019-05-13","124.11","125.55","123.04","123.35","122.901","33944923","1"
"MSFT","2019-05-14","123.87","125.88","123.7","124.73","124.276","25266315","1"
"MSFT","2019-05-15","124.26","126.71","123.7","126.02","126.02","24722708","1"
"MSFT","2019-05-16","126.75","129.38","126.46","128.93","128.93","30112216","1"
"MSFT","2019-05-17","128.305","130.46","127.92","128.07","128.07","25770539","1"
"MSFT","2019-05-20","126.52","127.589","125.761","126.22","126.22","23653530","1"
"MSFT","2019-05-21","127.43","127.527","126.58","126.9","126.9","15293260","1"
"MSFT","2019-05-22","126.62","128.24","126.52","127.67","127.67","15396485","1"
"MSFT","2019-05-23","126.2","126.29","124.74","126.18","126.18","23603810","1"
"MSFT","2019-05-24","126.91","127.415","125.97","126.24","126.24","14123358","1"
"MSFT","2019-05-28","126.98","128","126.05","126.16","126.16","23128359","1"
"MSFT","2019-05-29","125.38","125.39","124.04","124.94","124.94","22763140","1"
"MSFT","2019-05-30","125.26","125.76","124.78","125.73","125.73","16829613","1"
"MSFT","2019-05-31","124.23","124.615","123.32","123.68","123.68","26646769","1"
"MSFT","2019-06-03","123.85","124.37","119.01","119.84","119.84","37983637","1"
"MSFT","2019-06-04","121.28","123.28","120.652","123.16","123.16","29382642","1"
"MSFT","2019-06-05","124.95","125.87","124.21","125.83","125.83","24926140","1"
"MSFT","2019-06-06","126.44","127.97","125.6","127.82","127.82","21458961","1"
"MSFT","2019-06-07","129.19","132.25","128.26","131.4","131.4","33885588","1"
"MSFT","2019-06-10","132.4","134.08","132","132.6","132.6","26477098","1"
"MSFT","2019-06-11","133.88","134.24","131.276","132.1","132.1","23913731","1"
"MSFT","2019-06-12","131.4","131.97","130.71","131.49","131.49","17092464","1"
"MSFT","2019-06-13","131.98","132.67","131.56","132.32","132.32","17200848","1"
"MSFT","2019-06-14","132.26","133.79","131.64","132.45","132.45","17821703","1"
"MSFT","2019-06-17","132.63","133.73","132.53","132.85","132.85","14517785","1"
"MSFT","2019-06-18","134.19","135.24","133.57","135.16","135.16","25934458","1"
"MSFT","2019-06-19","135","135.93","133.81","135.69","135.69","23744441","1"
"MSFT","2019-06-20","137.45","137.66","135.72","136.95","136.95","33042592","1"
"MSFT","2019-06-21","136.58","137.73","136.46","136.97","136.97","36727892","1"
"MSFT","2019-06-24","137","138.4","137","137.78","137.78","20628841","1"
"MSFT","2019-06-25","137.25","137.59","132.73","133.43","133.43","33327420","1"
"MSFT","2019-06-26","134.35","135.74","133.6","133.93","133.93","23657745","1"
"MSFT","2019-06-27","134.14","134.71","133.51","134.15","134.15","16557482","1"
"MSFT","2019-06-28","134.57","134.6","133.156","133.96","133.96","30017029","1"
"MSFT","2019-07-01","136.63","136.7","134.97","135.68","135.68","22654160","1"
"MSFT","2019-07-02","136.12","136.59","135.34","136.58","136.58","15237843","1"
"MSFT","2019-07-03","136.8","137.74","136.295","137.46","137.46","13629296","1"
"MSFT","2019-07-05","135.94","137.33","135.72","137.06","137.06","18141140","1"
"MSFT","2019-07-08","136.4","137.1","135.37","136.96","136.96","16779748","1"
"MSFT","2019-07-09","136","136.97","135.8","136.46","136.46","19953097","1"
"MSFT","2019-07-10","137.13","138.58","137.02","137.85","137.85","24204362","1"
"MSFT","2019-07-11","138.2","139.22","137.87","138.4","138.4","22327942","1"
"MSFT","2019-07-12","138.85","139.13","138.01","138.9","138.9","18884297","1"
"MSFT","2019-07-15","139.44","139.54","138.46","138.9","138.9","16651436","1"
"MSFT","2019-07-16","138.96","139.05","136.52","137.08","137.08","22726107","1"
"MSFT","2019-07-17","137.7","137.93","136.22","136.27","136.27","20210935","1"
"MSFT","2019-07-18","135.55","136.62","134.67","136.42","136.42","30808686","1"
"MSFT","2019-07-19","140.22","140.67","136.45","136.62","136.62","48992343","1"
"MSFT","2019-07-22","137.41","139.19","137.33","138.43","138.43","25080739","1"
"MSFT","2019-07-23","139.76","139.99","138.03","139.29","139.29","18034568","1"
"MSFT","2019-07-24","138.9","140.74","138.85","140.72","140.72","20738254","1"
"MSFT","2019-07-25","140.43","140.61","139.322","140.19","140.19","18304028","1"
"MSFT","2019-07-26","140.37","141.68","140.3","141.34","141.34","19037600","1"
"MSFT","2019-07-29","141.5","141.51","139.37","141.03","141.03","16605900","1"
"MSFT","2019-07-30","140.14","141.22","139.8","140.35","140.35","16846500","1"
"MSFT","2019-07-31","140.33","140.49","135.08","136.27","136.27","38598800","1"
"MSFT","2019-08-01","137","140.94","136.93","138.06","138.06","40557500","1"
"MSFT","2019-08-02","138.09","138.32","135.26","136.9","136.9","30791600","1"
"MSFT","2019-08-05","133.3","133.93","130.78","132.21","132.21","42749600","1"
"MSFT","2019-08-06","133.8","135.68","133.21","134.69","134.69","32670900","1"
"MSFT","2019-08-07","133.79","135.65","131.828","135.28","135.28","26682074","1"
"MSFT","2019-08-08","136.6","138.99","135.93","138.89","138.429","27496500","1"
"MSFT","2019-08-09","138.61","139.38","136.46","137.71","137.253","23466700","1"
"MSFT","2019-08-12","137.07","137.86","135.24","135.79","135.339","20476600","1"
"MSFT","2019-08-13","136.05","138.8","135","138.6","138.14","25154600","1"
"MSFT","2019-08-14","136.36","136.92","133.67","133.98","133.98","32527300","1"
"MSFT","2019-08-15","134.39","134.58","132.25","133.68","133.68","28074400","1"
"MSFT","2019-08-16","134.88","136.46","134.72","136.13","136.13","24449100","1"
"MSFT","2019-08-19","137.85","138.55","136.89","138.41","138.41","24355700","1"
"MSFT","2019-08-20","138.21","138.7","137.24","137.26","137.26","21188998","1"
"MSFT","2019-08-21","138.55","139.49","138","138.79","138.79","14970300","1"
"MSFT","2019-08-22","138.66","139.2","136.29","137.78","137.78","18697000","1"
"MSFT","2019-08-23","137.19","138.35","132.8","133.39","133.39","38508600","1"
"MSFT","2019-08-26","134.99","135.56","133.9","135.45","135.45","20312600","1"
"MSFT","2019-08-27","136.39","136.72","134.66","135.74","135.74","23102100","1"
"MSFT","2019-08-28","134.88","135.76","133.55","135.56","135.56","17393300","1"
"MSFT","2019-08-29","137.25","138.44","136.91","138.12","138.12","20168700","1"
"MSFT","2019-08-30","139.15","139.1","136.28","137.86","137.86","21877723","1"
"MSFT","2019-09-03","136.61","137.2","135.7","136.04","136.04","18869300","1"
"MSFT","2019-09-04","137.3","137.69","136.48","137.63","137.63","17995900","1"
"MSFT","2019-09-05","139.11","140.38","138.76","140.05","140.05","26101800","1"
"MSFT","2019-09-06","140.03","140.18","138.2","139.1","139.1","20824500","1"
"MSFT","2019-09-09","139.59","139.75","136.46","137.52","137.52","25773900","1"
"MSFT","2019-09-10","136.8","136.89","134.51","136.08","136.08","28903400","1"
"MSFT","2019-09-11","135.91","136.27","135.09","136.12","136.12","24726100","1"
"MSFT","2019-09-12","137.85","138.42","136.87","137.52","137.52","27010000","1"
"MSFT","2019-09-13","137.78","138.06","136.57","137.32","137.32","22902300","1"
"MSFT","2019-09-16","135.83","136.7","135.66","136.33","136.33","14785072","1"
"MSFT","2019-09-17","136.96","137.52","136.43","137.39","137.39","17814200","1"
"MSFT","2019-09-18","137.36","138.67","136.53","138.52","138.52","23982100","1"
"MSFT","2019-09-19","140.3","142.37","140.07","141.07","141.07","35772100","1"
"MSFT","2019-09-20","141.01","141.65","138.25","139.44","139.44","39167300","1"
"MSFT","2019-09-23","139.23","139.63","138.44","139.14","139.14","17139300","1"
"MSFT","2019-09-24","140.36","140.69","136.88","137.38","137.38","29773200","1"
"MSFT","2019-09-25","137.5","139.96","136.03","139.36","139.36","21382000","1"
"MSFT","2019-09-26","139.44","140.18","138.44","139.54","139.54","17456600","1"
"MSFT","2019-09-27","140.15","140.36","136.65","137.73","137.73","22477700","1"
"MSFT","2019-09-30","138.05","139.22","137.78","139.03","139.03","17280900","1"
"MSFT","2019-10-01","139.66","140.25","137","137.07","137.07","21466600","1"
"MSFT","2019-10-02","136.25","136.37","133.58","134.65","134.65","30521700","1"
"MSFT","2019-10-03","134.95","136.75","133.22","136.28","136.28","24132900","1"
"MSFT","2019-10-04","136.75","138.25","136.42","138.12","138.12","22897700","1"
"MSFT","2019-10-07","137.14","138.18","137.02","137.12","137.12","15303700","1"
"MSFT","2019-10-08","137.08","137.76","135.62","135.67","135.67","25550500","1"
"MSFT","2019-10-09","137.46","138.7","136.97","138.24","138.24","19749900","1"
"MSFT","2019-10-10","138.49","139.67","138.25","139.1","139.1","17654600","1"
"MSFT","2019-10-11","140.12","141","139.51","139.68","139.68","22270160","1"
"MSFT","2019-10-14","139.69","140.29","139.52","139.55","139.55","13304300","1"
"MSFT","2019-10-15","140.06","141.79","139.81","141.57","141.57","19695700","1"
"MSFT","2019-10-16","140.79","140.99","139.53","140.41","140.41","20751600","1"
"MSFT","2019-10-17","140.95","141.42","139.02","139.69","139.69","21460600","1"
"MSFT","2019-10-18","139.76","140","136.56","137.41","137.41","32273500","1"
"MSFT","2019-10-21","138.45","138.5","137.01","138.43","138.43","20078200","1"
"MSFT","2019-10-22","138.97","140.01","136.26","136.37","136.37","27431000","1"
"MSFT","2019-10-23","136.88","137.45","135.61","137.24","137.24","29844600","1"
"MSFT","2019-10-24","139.39","140.41","138.67","139.94","139.94","34434281","1"
"MSFT","2019-10-25","139.34","141.14","139.2","140.73","140.73","25274600","1"
"MSFT","2019-10-28","144.4","145.67","143.51","144.19","144.19","35280100","1"
"MSFT","2019-10-29","144.08","144.5","142.65","142.83","142.83","20519700","1"
"MSFT","2019-10-30","143.52","145","142.79","144.61","144.61","18471700","1"
"MSFT","2019-10-31","144.9","144.93","142.99","143.37","143.37","24596200","1"
"MSFT","2019-11-01","144.26","144.42","142.97","143.72","143.72","33119200","1"
"MSFT","2019-11-04","144.83","145","144.16","144.55","144.55","16858600","1"
"MSFT","2019-11-05","144.97","145","143.906","144.46","144.46","14089429","1"
"MSFT","2019-11-06","144.37","144.52","143.2","144.06","144.06","16575800","1"
"MSFT","2019-11-07","143.84","144.88","143.77","144.26","144.26","17786700","1"
"MSFT","2019-11-08","143.98","145.99","143.76","145.96","145.96","16732700","1"
"MSFT","2019-11-11","145.34","146.42","144.73","146.11","146.11","14362600","1"
"MSFT","2019-11-12","146.28","147.57","146.06","147.07","147.07","18641600","1"
"MSFT","2019-11-13","146.74","147.46","146.28","147.31","147.31","16919200","1"
"MSFT","2019-11-14","147.02","148.41","147","148.06","148.06","19729800","1"
"MSFT","2019-11-15","148.93","149.99","148.27","149.97","149.97","23485700","1"
"MSFT","2019-11-18","150.07","150.55","148.98","150.34","150.34","20560523","1"
"MSFT","2019-11-19","150.88","151.33","150.195","150.39","149.879","23960164","1"
"MSFT","2019-11-20","150.31","150.84","148.46","149.62","149.62","25720060","1"
"MSFT","2019-11-21","149.4","149.8","148.501","149.48","149.48","18576083","1"
"MSFT","2019-11-22","150.07","150.3","148.82","149.59","149.59","15841680","1"
"MSFT","2019-11-25","150","151.35","149.92","151.23","151.23","22428585","1"
"MSFT","2019-11-26","151.36","152.42","151.32","152.03","152.03","24635100","1"
"MSFT","2019-11-27","152.33","152.5","151.52","152.32","152.32","15201293","1"
"MSFT","2019-11-29","152.1","152.3","151.28","151.38","151.38","11977300","1"
"MSFT","2019-12-02","151.81","151.83","148.32","149.55","149.55","27473616","1"
"MSFT","2019-12-03","147.49","149.43","146.65","149.31","149.31","25192145","1"
"MSFT","2019-12-04","150.14","150.18","149.2","149.85","149.85","17580617","1"
"MSFT","2019-12-05","150.05","150.32","149.48","149.93","149.93","17880601","1"
"MSFT","2019-12-06","150.99","151.87","150.27","151.75","151.75","16410400","1"
"MSFT","2019-12-09","151.07","152.21","150.91","151.36","151.36","16741350","1"
"MSFT","2019-12-10","151.29","151.89","150.765","151.13","151.13","16481060","1"
"MSFT","2019-12-11","151.54","151.87","150.33","151.7","151.7","18860001","1"
"MSFT","2019-12-12","151.65","153.44","151.02","153.24","153.24","24645366","1"
"MSFT","2019-12-13","153.111","154.89","152.83","154.53","154.53","23194276","1"
"MSFT","2019-12-16","155.11","155.9","154.82","155.53","155.53","24152770","1"
"MSFT","2019-12-17","155.45","155.71","154.45","154.69","154.69","25443527","1"
"MSFT","2019-12-18","154.3","155.48","154.18","154.37","154.37","24132379","1"
"MSFT","2019-12-19","154","155.77","153.75","155.71","155.71","25813825","1"
"MSFT","2019-12-20","157.35","158.49","156.29","157.41","157.41","53599613","1"
"MSFT","2019-12-23","158.12","158.12","157.27","157.41","157.41","17726283","1"
"MSFT","2019-12-24","157.48","157.71","157.115","157.38","157.38","8989150","1"
"MSFT","2019-12-26","157.551","158.73","157.4","158.67","158.67","14526927","1"
"MSFT","2019-12-27","159.45","159.55","158.22","158.96","158.96","18414352","1"
"MSFT","2019-12-30","158.986","159.02","156.73","157.59","157.59","16356720","1"
"MSFT","2019-12-31","156.77","157.77","156.45","157.7","157.7","18393383","1"
"MSFT","2020-01-02","158.78","160.73","158.33","160.62","160.62","22634546","1"
"MSFT","2020-01-03","158.32","159.945","158.06","158.62","158.62","21121681","1"
"MSFT","2020-01-06","157.08","159.1","156.51","159.03","159.03","20826702","1"
"MSFT","2020-01-07","159.32","159.67","157.32","157.58","157.58","21253280","1"
"MSFT","2020-01-08","158.93","160.8","157.949","160.09","160.09","27762026","1"
"MSFT","2020-01-09","161.835","162.215","161.03","162.09","162.09","21399951","1"
"MSFT","2020-01-10","162.824","163.22","161.18","161.34","161.34","20733946","1"
"MSFT","2020-01-13","161.76","163.31","161.26","163.28","163.28","18666414","1"
"MSFT","2020-01-14","163.39","163.6","161.72","162.13","162.13","23500783","1"
"MSFT","2020-01-15","162.62","163.94","162.57","163.18","163.18","21417871","1"
"MSFT","2020-01-16","164.35","166.24","164.03","166.17","166.17","23865360","1"
"MSFT","2020-01-17","167.42","167.467","165.43","167.1","167.1","32775039","1"
"MSFT","2020-01-21","166.68","168.19","166.43","166.5","166.5","29223486","1"
"MSFT","2020-01-22","167.4","167.49","165.68","165.7","165.7","24138777","1"
"MSFT","2020-01-23","166.19","166.8","165.27","166.72","166.72","19680766","1"
"MSFT","2020-01-24","167.51","167.53","164.45","165.04","165.04","24918117","1"
"MSFT","2020-01-27","161.15","163.375","160.2","162.28","162.28","32078067","1"
"MSFT","2020-01-28","163.78","165.755","163.073","165.46","165.46","24899940","1"
"MSFT","2020-01-29","167.84","168.75","165.69","168.04","168.04","35127771","1"
"MSFT","2020-01-30","174.05","174.05","170.79","172.78","172.78","51597470","1"
"MSFT","2020-01-31","172.21","172.4","169.58","170.23","170.23","35982149","1"
"MSFT","2020-02-03","170.43","174.5","170.4","174.38","174.38","30149052","1"
"MSFT","2020-02-04","177.14","180.64","176.31","180.12","180.12","36433339","1"
"MSFT","2020-02-05","184.03","184.2","178.41","179.9","179.9","39186324","1"
"MSFT","2020-02-06","180.97","183.82","180.059","183.63","183.63","27751381","1"
"MSFT","2020-02-07","182.845","185.63","182.48","183.89","183.89","33529074","1"
"MSFT","2020-02-10","183.58","188.84","183.25","188.7","188.7","35844267","1"
"MSFT","2020-02-11","190.65","190.7","183.5","184.44","184.44","53159906","1"
"MSFT","2020-02-12","185.58","185.85","181.85","184.71","184.71","47062921","1"
"MSFT","2020-02-13","183.08","186.23","182.872","183.71","183.71","34722495","1"
"MSFT","2020-02-14","183.25","185.41","182.65","185.35","184.847","23149516","1"
"MSFT","2020-02-18","185.605","187.7","185.5","187.23","186.721","27853113","1"
"MSFT","2020-02-19","188.06","188.18","186.47","187.28","187.28","29997471","1"
"MSFT","2020-02-20","186.95","187.25","181.1","184.42","184.42","36862376","1"
"MSFT","2020-02-21","183.17","183.5","177.25","178.59","178.59","48600385","1"
"MSFT","2020-02-24","167.77","174.55","163.23","170.89","170.89","68311066","1"
"MSFT","2020-02-25","174.2","174.84","167.646","168.07","168.07","68073295","1"
"MSFT","2020-02-26","169.71","173.26","168.21","170.17","170.17","55116742","1"
"MSFT","2020-02-27","163.32","167.03","157.98","158.18","158.18","93174906","1"
"MSFT","2020-02-28","152.41","163.71","152","162.01","162.01","97073557","1"
"MSFT","2020-03-02","165.31","172.92","162.31","172.79","172.79","71030810","1"
"MSFT","2020-03-03","173.8","175","162.26","164.51","164.51","71677019","1"
"MSFT","2020-03-04","168.485","170.7","165.62","170.55","170.55","49814383","1"
"MSFT","2020-03-05","166.045","170.87","165.69","166.27","166.27","47817251","1"
"MSFT","2020-03-06","162.61","163.11","156","161.57","161.57","72821057","1"
"MSFT","2020-03-09","151","157.75","150","150.62","150.62","70419274","1"
"MSFT","2020-03-10","158.16","161.03","152.58","160.92","160.92","64849391","1"
"MSFT","2020-03-11","157.13","157.7","151.15","153.63","153.63","56504304","1"
"MSFT","2020-03-12","145.3","153.47","138.58","139.06","139.06","93226366","1"
"MSFT","2020-03-13","147.5","161.91","140.73","158.83","158.83","92727446","1"
"MSFT","2020-03-16","140","149.35","135","135.42","135.42","87905868","1"
"MSFT","2020-03-17","140","147.5","135","146.57","146.57","81059817","1"
"MSFT","2020-03-18","138","146","135.02","140.4","140.4","81593173","1"
"MSFT","2020-03-19","142.77","150.15","139","142.71","142.71","85922661","1"
"MSFT","2020-03-20","146","147.1","135.86","137.35","137.35","84866215","1"
"MSFT","2020-03-23","137.01","140.57","132.52","135.98","135.98","78975176","1"
"MSFT","2020-03-24","143.75","149.6","141.27","148.34","148.34","82516727","1"
"MSFT","2020-03-25","148.91","154.33","144.44","146.92","146.92","75638224","1"
"MSFT","2020-03-26","148.4","156.66","148.37","156.11","156.11","64694427","1"
"MSFT","2020-03-27","151.75","154.89","149.2","149.7","149.7","57042291","1"
"MSFT","2020-03-30","152.44","160.6","150.01","160.23","160.23","63420326","1"
"MSFT","2020-03-31","159.4","164.78","156.56","157.71","157.71","77927186","1"
"MSFT","2020-04-01","153","157.75","150.82","152.11","152.11","57969926","1"
"MSFT","2020-04-02","151.86","155.48","150.36","155.26","155.26","49630735","1"
"MSFT","2020-04-03","155.1","157.38","152.19","153.83","153.83","41243284","1"
"MSFT","2020-04-06","160.32","166.5","157.58","165.27","165.27","67111697","1"
"MSFT","2020-04-07","169.592","170","163.26","163.49","163.49","62769038","1"
"MSFT","2020-04-08","165.67","166.67","163.5","165.13","165.13","48318234","1"
"MSFT","2020-04-09","166.36","167.37","163.33","165.14","165.14","51431775","1"
"MSFT","2020-04-13","164.35","165.57","162.3","165.51","165.51","41905264","1"
"MSFT","2020-04-14","169","173.75","168","173.7","173.7","52874338","1"
"MSFT","2020-04-15","171.2","173.57","169.24","171.88","171.88","40940833","1"
"MSFT","2020-04-16","174.3","177.28","172.9","177.04","177.04","49612093","1"
"MSFT","2020-04-17","179.5","180","175.87","178.6","178.6","52765625","1"
"MSFT","2020-04-20","176.63","178.75","174.99","175.06","175.06","36669595","1"
"MSFT","2020-04-21","173.5","173.67","166.11","167.82","167.82","56203749","1"
"MSFT","2020-04-22","171.39","174","170.82","173.52","173.52","34651604","1"
"MSFT","2020-04-23","174.11","175.06","170.91","171.42","171.42","32790804","1"
"MSFT","2020-04-24","172.06","174.56","170.71","174.55","174.55","34305320","1"
"MSFT","2020-04-27","176.59","176.9","173.3","174.05","174.05","33194384","1"
"MSFT","2020-04-28","175.456","175.67","169.39","169.81","169.81","33687238","1"
"MSFT","2020-04-29","173.22","177.68","171.88","177.43","177.43","51286559","1"
"MSFT","2020-04-30","180","180.4","176.23","179.21","179.21","53875857","1"
"MSFT","2020-05-01","175.8","178.64","174.01","174.57","174.57","39370474","1"
"MSFT","2020-05-04","174.49","179","173.8","178.84","178.84","30372862","1"
"MSFT","2020-05-05","180.62","183.65","179.9","180.76","180.76","36839168","1"
"MSFT","2020-05-06","182.08","184.2","181.631","182.54","182.54","32139299","1"
"MSFT","2020-05-07","184.17","184.55","182.58","183.6","183.6","28315992","1"
"MSFT","2020-05-08","184.98","185","183.36","184.68","184.68","30912638","1"
"MSFT","2020-05-11","183.15","187.51","182.85","186.74","186.74","30394129","1"
"MSFT","2020-05-12","186.9","187.04","182.3","182.51","182.01","32038199","1"
"MSFT","2020-05-13","182.55","184.05","176.54","179.75","179.258","44711488","1"
"MSFT","2020-05-14","177.54","180.69","175.68","180.53","180.036","41873911","1"
"MSFT","2020-05-15","179.06","187.06","177","183.16","182.658","46610382","1"
"MSFT","2020-05-18","185.75","186.2","183.96","184.91","184.404","35306620","1"
"MSFT","2020-05-19","185.03","186.6","183.49","183.63","183.127","26799116","1"
"MSFT","2020-05-20","184.81","185.85","183.94","185.66","185.66","31261334","1"
"MSFT","2020-05-21","185.4","186.67","183.29","183.43","183.43","29032741","1"
"MSFT","2020-05-22","183.19","184.46","182.54","183.51","183.51","20644824","1"
"MSFT","2020-05-26","186.34","186.5","181.1","181.57","181.57","36073609","1"
"MSFT","2020-05-27","180.2","181.988","176.6","181.81","181.81","39517146","1"
"MSFT","2020-05-28","180.74","184.147","180.38","181.4","181.4","33831824","1"
"MSFT","2020-05-29","182.73","184.27","180.41","183.25","183.25","42146720","1"
"MSFT","2020-06-01","182.54","183","181.46","182.83","182.83","22668821","1"
"MSFT","2020-06-02","184.25","185","181.35","184.91","184.91","30794585","1"
"MSFT","2020-06-03","184.815","185.94","183.58","185.36","185.36","27311016","1"
"MSFT","2020-06-04","184.3","185.84","182.3","182.92","182.92","28659255","1"
"MSFT","2020-06-05","182.62","187.73","182.01","187.2","187.2","39893643","1"
"MSFT","2020-06-08","185.94","188.55","184.44","188.36","188.36","33211590","1"
"MSFT","2020-06-09","188","190.7","187.26","189.8","189.8","29783916","1"
"MSFT","2020-06-10","191.125","198.52","191.01","196.84","196.84","43872329","1"
"MSFT","2020-06-11","193.13","195.76","186.07","186.27","186.27","52854672","1"
"MSFT","2020-06-12","190.54","191.72","185.18","187.74","187.74","43373587","1"
"MSFT","2020-06-15","184.58","190.82","184.01","188.94","188.94","32770189","1"
"MSFT","2020-06-16","192.89","195.58","191.46","193.57","193.57","42223147","1"
"MSFT","2020-06-17","195.03","196.32","193.69","194.24","194.24","25687822","1"
"MSFT","2020-06-18","194","196.49","194","196.32","196.32","23061648","1"
"MSFT","2020-06-19","198.59","199.29","194.37","195.15","195.15","44441141","1"
"MSFT","2020-06-22","195.79","200.76","195.23","200.57","200.57","32818929","1"
"MSFT","2020-06-23","202.09","203.95","201.425","201.91","201.91","30917447","1"
"MSFT","2020-06-24","201.604","203.25","196.56","197.84","197.84","36740647","1"
"MSFT","2020-06-25","197.8","200.61","195.467","200.34","200.34","27803933","1"
"MSFT","2020-06-26","199.73","199.89","194.88","196.33","196.33","54675780","1"
"MSFT","2020-06-29","195.78","198.53","193.55","198.44","198.44","26701586","1"
"MSFT","2020-06-30","197.882","204.4","197.74","203.51","203.51","34310283","1"
"MSFT","2020-07-01","203.14","206.35","201.77","204.7","204.7","32071431","1"
"MSFT","2020-07-02","205.68","208.02","205","206.26","206.26","29322547","1"
"MSFT","2020-07-06","208.83","211.13","208.09","210.7","210.7","32033700","1"
"MSFT","2020-07-07","210.45","214.67","207.99","208.25","208.25","33600700","1"
"MSFT","2020-07-08","210.07","213.26","208.69","212.83","212.83","33602200","1"
"MSFT","2020-07-09","216.33","216.38","211.47","214.32","214.32","33122300","1"
"MSFT","2020-07-10","213.62","214.08","211.08","213.67","213.67","25793700","1"
"MSFT","2020-07-13","214.48","215.8","206.5","207.07","207.07","38135816","1"
"MSFT","2020-07-14","206.13","208.85","202.03","208.35","208.35","37598121","1"
"MSFT","2020-07-15","209.56","211.33","205.03","208.04","208.04","32248893","1"
"MSFT","2020-07-16","205.4","205.7","202.31","203.92","203.92","29940718","1"
"MSFT","2020-07-17","204.47","205.04","201.39","202.88","202.88","31636070","1"
"MSFT","2020-07-20","205","212.3","203.01","211.6","211.6","36386080","1"
"MSFT","2020-07-21","213.66","213.94","208.03","208.75","208.75","37702523","1"
"MSFT","2020-07-22","209.2","212.3","208.39","211.75","211.75","49605692","1"
"MSFT","2020-07-23","207.19","210.92","202.15","202.54","202.54","67166762","1"
"MSFT","2020-07-24","200.42","202.86","197.51","201.3","201.3","39826989","1"
"MSFT","2020-07-27","201.47","203.97","200.86","203.85","203.85","30160867","1"
"MSFT","2020-07-28","203.61","204.7","201.74","202.02","202.02","23251388","1"
"MSFT","2020-07-29","202.5","204.65","202.01","204.06","204.06","19632602","1"
"MSFT","2020-07-30","201","204.46","199.57","203.9","203.9","25079596","1"
"MSFT","2020-07-31","204.4","205.1","199.01","205.01","205.01","51247969","1"
"MSFT","2020-08-03","211.52","217.64","210.44","216.54","216.54","78983009","1"
"MSFT","2020-08-04","214.17","214.77","210.31","213.29","213.29","49280056","1"
"MSFT","2020-08-05","214.9","215","211.57","212.94","212.94","28858621","1"
"MSFT","2020-08-06","212.34","216.37","211.55","216.35","216.35","32656843","1"
"MSFT","2020-08-07","214.85","215.7","210.93","212.48","212.48","27820421","1"
"MSFT","2020-08-10","211.67","211.88","206.35","208.25","208.25","36716462","1"
"MSFT","2020-08-11","207.155","207.65","203.14","203.38","203.38","36446459","1"
"MSFT","2020-08-12","205.29","210.28","204.75","209.19","209.19","28041364","1"
"MSFT","2020-08-13","209.44","211.35","208.15","208.7","208.7","22588870","1"
"MSFT","2020-08-14","208.76","209.59","207.51","208.9","208.9","17958936","1"
"MSFT","2020-08-17","209.6","211.187","208.915","210.28","209.77","20063496","1"
"MSFT","2020-08-18","210.53","212.36","209.21","211.49","210.977","21336167","1"
"MSFT","2020-08-19","211.49","212.1","209.25","209.7","209.7","27627561","1"
"MSFT","2020-08-20","209.54","215","208.91","214.58","214.58","26981478","1"
"MSFT","2020-08-21","213.86","216.25","212.85","213.02","213.02","36249319","1"
"MSFT","2020-08-24","214.79","215.52","212.43","213.69","213.69","25460147","1"
"MSFT","2020-08-25","213.1","216.61","213.1","216.47","216.47","23043696","1"
"MSFT","2020-08-26","217.88","222.09","217.36","221.15","221.15","39600828","1"
"MSFT","2020-08-27","222.89","231.15","219.4","226.58","226.58","57602195","1"
"MSFT","2020-08-28","228.18","230.644","226.58","228.91","228.91","26011447","1"
"MSFT","2020-08-31","227","228.7","224.31","225.53","225.53","28774156","1"
"MSFT","2020-09-01","225.51","227.45","224.43","227.27","227.27","25791235","1"
"MSFT","2020-09-02","227.97","232.86","227.35","231.65","231.65","34080839","1"
"MSFT","2020-09-03","229.27","229.31","214.96","217.3","217.3","58400288","1"
"MSFT","2020-09-04","215.1","218.36","205.19","214.25","214.25","59664072","1"
"MSFT","2020-09-08","206.5","210.03","202.2","202.66","202.66","52924330","1"
"MSFT","2020-09-09","207.6","214.84","206.7","211.29","211.29","45314575","1"
"MSFT","2020-09-10","213.4","214.74","204.11","205.37","205.37","35461514","1"
"MSFT","2020-09-11","207.2","208.63","201.24","204.03","204.03","33620073","1"
"MSFT","2020-09-14","204.24","209.2","204.03","205.41","205.41","30375768","1"
"MSFT","2020-09-15","208.42","209.78","206.93","208.78","208.78","21823942","1"
"MSFT","2020-09-16","210.62","210.65","204.64","205.05","205.05","26372464","1"
"MSFT","2020-09-17","200.05","204.33","199.96","202.91","202.91","34011257","1"
"MSFT","2020-09-18","202.8","203.65","196.25","200.39","200.39","55225326","1"
"MSFT","2020-09-21","197.19","202.71","196.38","202.54","202.54","39103919","1"
"MSFT","2020-09-22","205.06","208.1","202.075","207.42","207.42","33517065","1"
"MSFT","2020-09-23","207.9","208.1","200.03","200.59","200.59","30803780","1"
"MSFT","2020-09-24","199.85","205.57","199.2","203.19","203.19","31202493","1"
"MSFT","2020-09-25","203.55","209.04","202.54","207.82","207.82","29437312","1"
"MSFT","2020-09-28","210.88","212.57","208.06","209.44","209.44","32004936","1"
"MSFT","2020-09-29","209.35","210.07","206.81","207.26","207.26","24464472","1"
"MSFT","2020-09-30","207.73","211.98","206.54","210.33","210.33","33829088","1"
"MSFT","2020-10-01","213.49","213.99","211.32","212.46","212.46","27158418","1"
"MSFT","2020-10-02","208","210.99","205.54","206.19","206.19","33154781","1"
"MSFT","2020-10-05","207.22","210.41","206.98","210.38","210.38","21131574","1"
"MSFT","2020-10-06","208.82","210.18","204.82","205.91","205.91","28554261","1"
"MSFT","2020-10-07","207.06","210.11","206.72","209.83","209.83","25681054","1"
"MSFT","2020-10-08","210.51","211.19","208.32","210.58","210.58","19925837","1"
"MSFT","2020-10-09","211.23","215.86","211.23","215.81","215.81","26458047","1"
"MSFT","2020-10-12","218.79","223.86","216.81","221.4","221.4","40461368","1"
"MSFT","2020-10-13","222.72","225.21","220.43","222.86","222.86","28950843","1"
"MSFT","2020-10-14","223","224.22","219.13","220.86","220.86","23451713","1"
"MSFT","2020-10-15","217.1","220.36","216.01","219.66","219.66","22733064","1"
"MSFT","2020-10-16","220.15","222.29","219.32","219.66","219.66","26057882","1"
"MSFT","2020-10-19","220.415","222.3","213.72","214.22","214.22","27625841","1"
"MSFT","2020-10-20","215.8","217.37","213.09","214.65","214.65","22753511","1"
"MSFT","2020-10-21","213.12","216.92","213.12","214.8","214.8","22724906","1"
"MSFT","2020-10-22","213.93","216.055","211.7","214.89","214.89","22351450","1"
"MSFT","2020-10-23","215.03","216.28","213.16","216.23","216.23","18879608","1"
"MSFT","2020-10-26","213.85","216.34","208.1","210.08","210.08","37111561","1"
"MSFT","2020-10-27","211.59","214.67","210.329","213.25","213.25","36700325","1"
"MSFT","2020-10-28","207.67","208.84","202.1","202.68","202.68","51195593","1"
"MSFT","2020-10-29","204.07","207.36","203.37","204.72","204.72","31432563","1"
"MSFT","2020-10-30","203.5","204.29","199.62","202.47","202.47","36980111","1"
"MSFT","2020-11-02","204.29","205.28","200.12","202.33","202.33","30842163","1"
"MSFT","2020-11-03","203.89","208.12","203.12","206.43","206.43","27512030","1"
"MSFT","2020-11-04","214.02","218.32","212.419","216.39","216.39","42311777","1"
"MSFT","2020-11-05","222.04","224.12","221.15","223.29","223.29","36080137","1"
"MSFT","2020-11-06","222.26","224.36","218.03","223.72","223.72","25231895","1"
"MSFT","2020-11-09","224.435","228.12","217.88","218.39","218.39","44394950","1"
"MSFT","2020-11-10","214.5","216.5","209.72","211.01","211.01","44045120","1"
"MSFT","2020-11-11","212.39","218.04","212.2","216.55","216.55","29440788","1"
"MSFT","2020-11-12","217.21","219.11","214.46","215.44","215.44","21616115","1"
"MSFT","2020-11-13","216.36","217.42","214.16","216.51","216.51","18630307","1"
"MSFT","2020-11-16","214.87","217.74","214.52","217.23","216.655","24953344","1"
"MSFT","2020-11-17","216.1","217.68","214.08","214.46","213.893","24154112","1"
"MSFT","2020-11-18","213.65","215.17","210.93","211.08","211.08","28372789","1"
"MSFT","2020-11-19","211.38","213.03","209.93","212.42","212.42","24792746","1"
"MSFT","2020-11-20","212.2","213.285","210","210.39","210.39","22843119","1"
"MSFT","2020-11-23","210.95","212.29","208.16","210.11","210.11","25683507","1"
"MSFT","2020-11-24","209.59","214.25","208.86","213.86","213.86","33830438","1"
"MSFT","2020-11-25","215.11","215.29","212.46","213.87","213.87","21012887","1"
"MSFT","2020-11-27","214.85","216.27","214.04","215.23","215.23","14483342","1"
"MSFT","2020-11-30","214.1","214.76","210.835","214.07","214.07","33064753","1"
"MSFT","2020-12-01","214.51","217.32","213.35","216.21","216.21","30498026","1"
"MSFT","2020-12-02","214.88","215.47","212.8","215.37","215.37","23724509","1"
"MSFT","2020-12-03","214.61","216.376","213.65","214.24","214.24","25120922","1"
"MSFT","2020-12-04","214.22","215.38","213.18","214.36","214.36","24666039","1"
"MSFT","2020-12-07","214.37","215.54","212.99","214.29","214.29","24619997","1"
"MSFT","2020-12-08","213.97","216.95","212.89","216.01","216.01","23284094","1"
"MSFT","2020-12-09","215.16","215.225","211.214","211.8","211.8","32440603","1"
"MSFT","2020-12-10","211.77","213.08","210.36","210.52","210.52","26729449","1"
"MSFT","2020-12-11","210.05","213.32","209.11","213.26","213.26","30979440","1"
"MSFT","2020-12-14","213.1","216.21","212.88","214.2","214.2","28798379","1"
"MSFT","2020-12-15","215.165","215.42","212.24","214.13","214.13","27018106","1"
"MSFT","2020-12-16","214.75","220.11","214.72","219.28","219.28","35023253","1"
"MSFT","2020-12-17","219.87","220.89","217.92","219.42","219.42","32515784","1"
"MSFT","2020-12-18","218.59","219.69","216.02","218.59","218.59","63354922","1"
"MSFT","2020-12-21","217.55","224","217.28","222.59","222.59","37181886","1"
"MSFT","2020-12-22","222.69","225.63","221.85","223.94","223.94","22643397","1"
"MSFT","2020-12-23","223.11","223.559","220.8","221.02","221.02","18570546","1"
"MSFT","2020-12-24","221.42","223.61","221.2","222.75","222.75","10550572","1"
"MSFT","2020-12-28","224.45","226.03","223.02","224.96","224.96","17762701","1"
"MSFT","2020-12-29","226.31","227.18","223.58","224.15","224.15","17403213","1"
"MSFT","2020-12-30","225.23","225.63","221.47","221.68","221.68","20272337","1"
"MSFT","2020-12-31","221.7","223","219.68","222.42","222.42","20942132","1"
"MSFT","2021-01-04","222.53","223","214.81","217.69","217.69","37130139","1"
"MSFT","2021-01-05","217.26","218.52","215.7","217.9","217.9","23822953","1"
"MSFT","2021-01-06","212.17","216.49","211.94","212.25","212.25","35751383","1"
"MSFT","2021-01-07","214.04","219.34","213.71","218.29","218.29","27694480","1"
"MSFT","2021-01-08","218.68","220.58","217.026","219.62","219.62","22956206","1"
"MSFT","2021-01-11","218.47","218.91","216.73","217.49","217.49","23047029","1"
"MSFT","2021-01-12","216.5","217.1","213.32","214.93","214.93","23148341","1"
"MSFT","2021-01-13","214.02","216.76","213.927","216.34","216.34","20087080","1"
"MSFT","2021-01-14","215.91","217.46","212.74","213.02","213.02","29346737","1"
"MSFT","2021-01-15","213.52","214.51","212.03","212.65","212.65","31746512","1"
"MSFT","2021-01-19","213.75","216.98","212.63","216.44","216.44","29585369","1"
"MSFT","2021-01-20","217.7","225.79","217.291","224.34","224.34","37777260","1"
"MSFT","2021-01-21","224.7","226.3","222.42","224.97","224.97","30749553","1"
"MSFT","2021-01-22","227.08","230.07","225.8","225.95","225.95","30172663","1"
"MSFT","2021-01-25","229.12","229.78","224.22","229.53","229.53","33152095","1"
"MSFT","2021-01-26","231.86","234.18","230.08","232.33","232.33","49169601","1"
"MSFT","2021-01-27","238","240.44","230.14","232.9","232.9","69870638","1"
"MSFT","2021-01-28","235.61","242.64","235.09","238.93","238.93","49111159","1"
"MSFT","2021-01-29","235.99","238.02","231.35","231.96","231.96","42503138","1"
"MSFT","2021-02-01","235.06","242.5","232.43","239.65","239.65","32268602","1"
"MSFT","2021-02-02","241.3","242.31","238.69","239.51","239.51","25678356","1"
"MSFT","2021-02-03","239.57","245.09","239.26","243","243","27158104","1"
"MSFT","2021-02-04","242.66","243.24","240.37","242.01","242.01","25296100","1"
"MSFT","2021-02-05","242.23","243.28","240.42","242.2","242.2","18054752","1"
"MSFT","2021-02-08","243.15","243.68","240.81","242.47","242.47","22211929","1"
"MSFT","2021-02-09","241.87","244.76","241.38","243.77","243.77","23471475","1"
"MSFT","2021-02-10","245","245.92","240.89","242.82","242.82","22117240","1"
"MSFT","2021-02-11","244.78","245.15","242.15","244.49","244.49","15751059","1"
"MSFT","2021-02-12","243.933","245.3","242.73","244.99","244.99","16561079","1"
"MSFT","2021-02-16","245.03","246.13","242.92","243.7","243.142","26728487","1"
"MSFT","2021-02-17","241.32","244.31","240.94","244.2","244.2","21451617","1"
"MSFT","2021-02-18","241.8","243.93","240.86","243.79","243.79","16925563","1"
"MSFT","2021-02-19","243.75","243.86","240.18","240.97","240.97","25262600","1"
"MSFT","2021-02-22","237.42","237.93","232.4","234.51","234.51","36182764","1"
"MSFT","2021-02-23","230.325","234.83","228.73","233.27","233.27","30228704","1"
"MSFT","2021-02-24","230.01","235.2","229","234.55","234.55","26339746","1"
"MSFT","2021-02-25","232.08","234.585","227.88","228.99","228.99","39118089","1"
"MSFT","2021-02-26","231.525","235.37","229.54","232.38","232.38","37545055","1"
"MSFT","2021-03-01","235.9","237.47","233.15","236.94","236.94","25332837","1"
"MSFT","2021-03-02","237.01","237.3","233.45","233.87","233.87","22812459","1"
"MSFT","2021-03-03","232.155","233.58","227.26","227.56","227.56","34029526","1"
"MSFT","2021-03-04","226.735","232.49","224.26","226.73","226.73","44727785","1"
"MSFT","2021-03-05","229.516","233.27","226.46","231.6","231.6","41872770","1"
"MSFT","2021-03-08","231.37","233.365","227.13","227.39","227.39","35267440","1"
"MSFT","2021-03-09","232.88","235.384","231.67","233.78","233.78","33080531","1"
"MSFT","2021-03-10","237","237","232.04","232.42","232.42","29746812","1"
"MSFT","2021-03-11","234.96","239.17","234.31","237.13","237.13","29907586","1"
"MSFT","2021-03-12","234.01","235.82","233.23","235.75","235.75","22591232","1"
"MSFT","2021-03-15","234.96","235.185","231.81","234.81","234.81","26042669","1"
"MSFT","2021-03-16","236.28","240.055","235.94","237.71","237.71","28092196","1"
"MSFT","2021-03-17","236.15","238.55","233.23","237.04","237.04","29562100","1"
"MSFT","2021-03-18","232.56","234.19","230.33","230.72","230.72","34852251","1"
"MSFT","2021-03-19","231.02","232.474","229.35","230.35","230.35","46430730","1"
"MSFT","2021-03-22","230.27","236.9","230.14","235.99","235.99","30127005","1"
"MSFT","2021-03-23","237.485","241.05","237.07","237.58","237.58","31638376","1"
"MSFT","2021-03-24","237.845","238","235.32","235.46","235.46","25620127","1"
"MSFT","2021-03-25","235.3","236.94","231.57","232.34","232.34","34061853","1"
"MSFT","2021-03-26","231.55","236.71","231.55","236.48","236.48","25393485","1"
"MSFT","2021-03-29","236.59","236.8","231.88","235.24","235.24","25227455","1"
"MSFT","2021-03-30","233.525","233.85","231.1","231.85","231.85","24792012","1"
"MSFT","2021-03-31","232.91","239.1","232.39","235.77","235.77","43623471","1"
"MSFT","2021-04-01","238.47","242.84","238.05","242.35","242.35","30337982","1"
"MSFT","2021-04-05","242.76","249.96","242.7","249.07","249.07","36910609","1"
"MSFT","2021-04-06","247.61","249.4","246.88","247.86","247.86","22931923","1"
"MSFT","2021-04-07","247.81","250.93","247.19","249.9","249.9","22719835","1"
"MSFT","2021-04-08","252.77","254.139","252","253.25","253.25","23432342","1"
"MSFT","2021-04-09","252.87","255.99","252.44","255.85","255.85","24326833","1"
"MSFT","2021-04-12","254.71","257.67","254.62","255.91","255.91","27148668","1"
"MSFT","2021-04-13","257.257","259.19","256.83","258.49","258.49","23837469","1"
"MSFT","2021-04-14","257.475","258.83","255.16","255.59","255.59","23070938","1"
"MSFT","2021-04-15","257.931","259.93","257.73","259.5","259.5","25627481","1"
"MSFT","2021-04-16","259.47","261","257.601","260.74","260.74","24878582","1"
"MSFT","2021-04-19","260.19","261.48","257.821","258.74","258.74","23209260","1"
"MSFT","2021-04-20","257.82","260.2","256.84","258.26","258.26","19722875","1"
"MSFT","2021-04-21","258.94","260.68","257.25","260.58","260.58","22687251","1"
"MSFT","2021-04-22","260.21","261.78","255.64","257.17","257.17","25606152","1"
"MSFT","2021-04-23","257.88","261.51","257.27","261.15","261.15","21499286","1"
"MSFT","2021-04-26","261.66","262.435","260.17","261.55","261.55","19763346","1"
"MSFT","2021-04-27","261.585","263.19","260.12","261.97","261.97","31014213","1"
"MSFT","2021-04-28","256.078","256.54","252.95","254.56","254.56","46903119","1"
"MSFT","2021-04-29","255.46","256.1","249","252.51","252.51","40589023","1"
"MSFT","2021-04-30","249.74","253.08","249.6","252.18","252.18","30945098","1"
"MSFT","2021-05-03","253.4","254.35","251.12","251.86","251.86","19626568","1"
"MSFT","2021-05-04","250.97","251.21","245.76","247.79","247.79","32218005","1"
"MSFT","2021-05-05","249.06","249.5","245.82","246.47","246.47","21901325","1"
"MSFT","2021-05-06","246.45","249.86","244.69","249.73","249.73","26491085","1"
"MSFT","2021-05-07","252.15","254.3","251.17","252.46","252.46","27032912","1"
"MSFT","2021-05-10","250.87","251.73","247.12","247.18","247.18","29299890","1"
"MSFT","2021-05-11","244.55","246.6","242.57","246.23","246.23","33641589","1"
"MSFT","2021-05-12","242.165","244.38","238.07","239","239","36684370","1"
"MSFT","2021-05-13","241.8","245.6","241.42","243.03","243.03","29624298","1"
"MSFT","2021-05-14","245.575","249.18","245.49","248.15","248.15","23901081","1"
"MSFT","2021-05-17","246.55","246.59","243.52","245.18","245.18","24891985","1"
"MSFT","2021-05-18","246.27","246.41","242.9","243.08","242.521","20167975","1"
"MSFT","2021-05-19","239.31","243.23","238.6","243.12","243.12","25739807","1"
"MSFT","2021-05-20","243.96","247.95","243.86","246.48","246.48","21800716","1"
"MSFT","2021-05-21","247.565","248.33","244.74","245.17","245.17","21863058","1"
"MSFT","2021-05-24","247.785","251.16","247.51","250.78","250.78","21411547","1"
"MSFT","2021-05-25","251.769","252.75","250.82","251.72","251.72","17704303","1"
"MSFT","2021-05-26","251.43","252.94","250.75","251.49","251.49","17771600","1"
"MSFT","2021-05-27","251.17","251.48","249.25","249.31","249.31","24426244","1"
"MSFT","2021-05-28","250.995","252.08","249.56","249.68","249.68","18274942","1"
"MSFT","2021-06-01","251.23","251.29","246.96","247.4","247.4","23213310","1"
"MSFT","2021-06-02","248.125","249.27","245.84","247.3","247.3","19406705","1"
"MSFT","2021-06-03","245.22","246.34","243","245.71","245.71","25307711","1"
"MSFT","2021-06-04","247.76","251.65","247.51","250.79","250.79","25281094","1"
"MSFT","2021-06-07","249.98","254.09","249.81","253.81","253.81","23079167","1"
"MSFT","2021-06-08","255.16","256.01","252.51","252.57","252.57","22454998","1"
"MSFT","2021-06-09","253.81","255.53","253.21","253.59","253.59","17937634","1"
"MSFT","2021-06-10","254.29","257.46","253.67","257.24","257.24","24563619","1"
"MSFT","2021-06-11","257.985","258.487","256.61","257.89","257.89","18999731","1"
